date,Water Level (m),Minor flood,Moderate flood,Major flood
21/02/2022 01:02,0.98,1.7,2.6,3.5
21/02/2022 01:15,0.96,1.7,2.6,3.5
21/02/2022 01:23,0.94,1.7,2.6,3.5
21/02/2022 01:31,0.92,1.7,2.6,3.5
21/02/2022 01:37,0.9,1.7,2.6,3.5
21/02/2022 01:42,0.88,1.7,2.6,3.5
21/02/2022 01:46,0.86,1.7,2.6,3.5
21/02/2022 01:51,0.84,1.7,2.6,3.5
21/02/2022 01:55,0.82,1.7,2.6,3.5
21/02/2022 01:58,0.8,1.7,2.6,3.5
21/02/2022 02:04,0.76,1.7,2.6,3.5
21/02/2022 02:07,0.74,1.7,2.6,3.5
21/02/2022 02:11,0.72,1.7,2.6,3.5
21/02/2022 02:14,0.7,1.7,2.6,3.5
21/02/2022 02:17,0.68,1.7,2.6,3.5
21/02/2022 02:20,0.66,1.7,2.6,3.5
21/02/2022 02:23,0.64,1.7,2.6,3.5
21/02/2022 02:26,0.62,1.7,2.6,3.5
21/02/2022 02:28,0.6,1.7,2.6,3.5
21/02/2022 02:32,0.58,1.7,2.6,3.5
21/02/2022 02:35,0.56,1.7,2.6,3.5
21/02/2022 02:39,0.54,1.7,2.6,3.5
21/02/2022 02:42,0.52,1.7,2.6,3.5
21/02/2022 02:45,0.5,1.7,2.6,3.5
21/02/2022 02:48,0.48,1.7,2.6,3.5
21/02/2022 02:51,0.46,1.7,2.6,3.5
21/02/2022 02:55,0.44,1.7,2.6,3.5
21/02/2022 02:58,0.42,1.7,2.6,3.5
21/02/2022 03:02,0.4,1.7,2.6,3.5
21/02/2022 03:05,0.38,1.7,2.6,3.5
21/02/2022 03:08,0.36,1.7,2.6,3.5
21/02/2022 03:12,0.34,1.7,2.6,3.5
21/02/2022 03:15,0.32,1.7,2.6,3.5
21/02/2022 03:18,0.3,1.7,2.6,3.5
21/02/2022 03:21,0.28,1.7,2.6,3.5
21/02/2022 03:25,0.26,1.7,2.6,3.5
21/02/2022 03:28,0.24,1.7,2.6,3.5
21/02/2022 03:32,0.22,1.7,2.6,3.5
21/02/2022 03:34,0.2,1.7,2.6,3.5
21/02/2022 03:38,0.18,1.7,2.6,3.5
21/02/2022 03:42,0.16,1.7,2.6,3.5
21/02/2022 03:45,0.14,1.7,2.6,3.5
21/02/2022 03:48,0.12,1.7,2.6,3.5
21/02/2022 03:51,0.1,1.7,2.6,3.5
21/02/2022 03:54,0.08,1.7,2.6,3.5
21/02/2022 03:57,0.06,1.7,2.6,3.5
21/02/2022 04:01,0.04,1.7,2.6,3.5
21/02/2022 04:04,0.02,1.7,2.6,3.5
21/02/2022 04:08,0.0,1.7,2.6,3.5
21/02/2022 04:11,-0.02,1.7,2.6,3.5
21/02/2022 04:15,-0.04,1.7,2.6,3.5
21/02/2022 04:18,-0.06,1.7,2.6,3.5
21/02/2022 04:21,-0.08,1.7,2.6,3.5
21/02/2022 04:25,-0.1,1.7,2.6,3.5
21/02/2022 04:28,-0.12,1.7,2.6,3.5
21/02/2022 04:28,-0.1,1.7,2.6,3.5
21/02/2022 04:31,-0.14,1.7,2.6,3.5
21/02/2022 04:34,-0.16,1.7,2.6,3.5
21/02/2022 04:37,-0.18,1.7,2.6,3.5
21/02/2022 04:41,-0.2,1.7,2.6,3.5
21/02/2022 04:45,-0.22,1.7,2.6,3.5
21/02/2022 04:48,-0.24,1.7,2.6,3.5
21/02/2022 04:53,-0.26,1.7,2.6,3.5
21/02/2022 04:56,-0.28,1.7,2.6,3.5
21/02/2022 04:59,-0.3,1.7,2.6,3.5
21/02/2022 05:03,-0.32,1.7,2.6,3.5
21/02/2022 05:07,-0.34,1.7,2.6,3.5
21/02/2022 05:11,-0.36,1.7,2.6,3.5
21/02/2022 05:14,-0.38,1.7,2.6,3.5
21/02/2022 05:19,-0.4,1.7,2.6,3.5
21/02/2022 05:22,-0.42,1.7,2.6,3.5
21/02/2022 05:27,-0.44,1.7,2.6,3.5
21/02/2022 05:31,-0.46,1.7,2.6,3.5
21/02/2022 05:35,-0.48,1.7,2.6,3.5
21/02/2022 05:39,-0.5,1.7,2.6,3.5
21/02/2022 05:43,-0.52,1.7,2.6,3.5
21/02/2022 05:47,-0.54,1.7,2.6,3.5
21/02/2022 05:52,-0.56,1.7,2.6,3.5
21/02/2022 05:56,-0.58,1.7,2.6,3.5
21/02/2022 06:02,-0.6,1.7,2.6,3.5
21/02/2022 06:06,-0.62,1.7,2.6,3.5
21/02/2022 06:13,-0.62,1.7,2.6,3.5
21/02/2022 06:13,-0.64,1.7,2.6,3.5
21/02/2022 06:19,-0.66,1.7,2.6,3.5
21/02/2022 06:30,-0.68,1.7,2.6,3.5
21/02/2022 06:42,-0.7,1.7,2.6,3.5
21/02/2022 07:20,-0.68,1.7,2.6,3.5
21/02/2022 07:25,-0.66,1.7,2.6,3.5
21/02/2022 07:30,-0.64,1.7,2.6,3.5
21/02/2022 07:35,-0.62,1.7,2.6,3.5
21/02/2022 07:41,-0.6,1.7,2.6,3.5
21/02/2022 07:45,-0.58,1.7,2.6,3.5
21/02/2022 07:49,-0.56,1.7,2.6,3.5
21/02/2022 07:52,-0.54,1.7,2.6,3.5
21/02/2022 07:56,-0.52,1.7,2.6,3.5
21/02/2022 08:00,-0.5,1.7,2.6,3.5
21/02/2022 08:04,-0.48,1.7,2.6,3.5
21/02/2022 08:06,-0.46,1.7,2.6,3.5
21/02/2022 08:11,-0.44,1.7,2.6,3.5
21/02/2022 08:13,-0.42,1.7,2.6,3.5
21/02/2022 08:15,-0.4,1.7,2.6,3.5
21/02/2022 08:19,-0.38,1.7,2.6,3.5
21/02/2022 08:23,-0.36,1.7,2.6,3.5
21/02/2022 08:26,-0.34,1.7,2.6,3.5
21/02/2022 08:27,-0.32,1.7,2.6,3.5
21/02/2022 08:30,-0.3,1.7,2.6,3.5
21/02/2022 08:33,-0.28,1.7,2.6,3.5
21/02/2022 08:35,-0.26,1.7,2.6,3.5
21/02/2022 08:38,-0.24,1.7,2.6,3.5
21/02/2022 08:42,-0.22,1.7,2.6,3.5
21/02/2022 08:44,-0.2,1.7,2.6,3.5
21/02/2022 08:46,-0.18,1.7,2.6,3.5
21/02/2022 08:50,-0.16,1.7,2.6,3.5
21/02/2022 08:53,-0.14,1.7,2.6,3.5
21/02/2022 08:55,-0.12,1.7,2.6,3.5
21/02/2022 08:58,-0.1,1.7,2.6,3.5
21/02/2022 09:01,-0.08,1.7,2.6,3.5
21/02/2022 09:04,-0.06,1.7,2.6,3.5
21/02/2022 09:07,-0.02,1.7,2.6,3.5
21/02/2022 09:12,0.0,1.7,2.6,3.5
21/02/2022 09:15,0.02,1.7,2.6,3.5
21/02/2022 09:17,0.04,1.7,2.6,3.5
21/02/2022 09:21,0.06,1.7,2.6,3.5
21/02/2022 09:22,0.08,1.7,2.6,3.5
21/02/2022 09:26,0.1,1.7,2.6,3.5
21/02/2022 09:30,0.12,1.7,2.6,3.5
21/02/2022 09:33,0.14,1.7,2.6,3.5
21/02/2022 09:35,0.16,1.7,2.6,3.5
21/02/2022 09:37,0.18,1.7,2.6,3.5
21/02/2022 09:41,0.2,1.7,2.6,3.5
21/02/2022 09:46,0.24,1.7,2.6,3.5
21/02/2022 09:48,0.26,1.7,2.6,3.5
21/02/2022 09:51,0.28,1.7,2.6,3.5
21/02/2022 09:54,0.3,1.7,2.6,3.5
21/02/2022 09:57,0.32,1.7,2.6,3.5
21/02/2022 09:59,0.34,1.7,2.6,3.5
21/02/2022 10:02,0.36,1.7,2.6,3.5
21/02/2022 10:05,0.38,1.7,2.6,3.5
21/02/2022 10:08,0.4,1.7,2.6,3.5
21/02/2022 10:11,0.42,1.7,2.6,3.5
21/02/2022 10:13,0.44,1.7,2.6,3.5
21/02/2022 10:17,0.46,1.7,2.6,3.5
21/02/2022 10:19,0.48,1.7,2.6,3.5
21/02/2022 10:22,0.5,1.7,2.6,3.5
21/02/2022 10:27,0.52,1.7,2.6,3.5
21/02/2022 10:29,0.54,1.7,2.6,3.5
21/02/2022 10:32,0.56,1.7,2.6,3.5
21/02/2022 10:35,0.58,1.7,2.6,3.5
21/02/2022 10:41,0.62,1.7,2.6,3.5
21/02/2022 10:44,0.64,1.7,2.6,3.5
21/02/2022 10:47,0.66,1.7,2.6,3.5
21/02/2022 10:50,0.68,1.7,2.6,3.5
21/02/2022 10:53,0.7,1.7,2.6,3.5
21/02/2022 10:55,0.72,1.7,2.6,3.5
21/02/2022 10:58,0.74,1.7,2.6,3.5
21/02/2022 11:02,0.76,1.7,2.6,3.5
21/02/2022 11:05,0.78,1.7,2.6,3.5
21/02/2022 11:09,0.8,1.7,2.6,3.5
21/02/2022 11:12,0.82,1.7,2.6,3.5
21/02/2022 11:16,0.84,1.7,2.6,3.5
21/02/2022 11:21,0.86,1.7,2.6,3.5
21/02/2022 11:24,0.88,1.7,2.6,3.5
21/02/2022 11:26,0.9,1.7,2.6,3.5
21/02/2022 11:32,0.92,1.7,2.6,3.5
21/02/2022 11:35,0.94,1.7,2.6,3.5
21/02/2022 11:38,0.96,1.7,2.6,3.5
21/02/2022 11:42,0.98,1.7,2.6,3.5
21/02/2022 11:47,1.0,1.7,2.6,3.5
21/02/2022 11:52,1.04,1.7,2.6,3.5
21/02/2022 11:53,1.02,1.7,2.6,3.5
21/02/2022 11:57,1.04,1.7,2.6,3.5
21/02/2022 12:03,1.06,1.7,2.6,3.5
21/02/2022 12:07,1.1,1.7,2.6,3.5
21/02/2022 12:08,1.08,1.7,2.6,3.5
21/02/2022 12:19,1.12,1.7,2.6,3.5
21/02/2022 12:27,1.14,1.7,2.6,3.5
21/02/2022 12:35,1.16,1.7,2.6,3.5
21/02/2022 12:49,1.18,1.7,2.6,3.5
21/02/2022 12:58,1.2,1.7,2.6,3.5
21/02/2022 13:05,1.18,1.7,2.6,3.5
21/02/2022 13:20,1.16,1.7,2.6,3.5
21/02/2022 13:28,1.14,1.7,2.6,3.5
21/02/2022 13:33,1.12,1.7,2.6,3.5
21/02/2022 13:41,1.1,1.7,2.6,3.5
21/02/2022 13:46,1.08,1.7,2.6,3.5
21/02/2022 13:51,1.06,1.7,2.6,3.5
21/02/2022 13:54,1.04,1.7,2.6,3.5
21/02/2022 13:59,1.02,1.7,2.6,3.5
21/02/2022 14:03,1.0,1.7,2.6,3.5
21/02/2022 14:06,0.98,1.7,2.6,3.5
21/02/2022 14:09,0.96,1.7,2.6,3.5
21/02/2022 14:12,0.94,1.7,2.6,3.5
21/02/2022 14:15,0.92,1.7,2.6,3.5
21/02/2022 14:18,0.9,1.7,2.6,3.5
21/02/2022 14:21,0.88,1.7,2.6,3.5
21/02/2022 14:24,0.86,1.7,2.6,3.5
21/02/2022 14:28,0.84,1.7,2.6,3.5
21/02/2022 14:32,0.82,1.7,2.6,3.5
21/02/2022 14:35,0.8,1.7,2.6,3.5
21/02/2022 14:40,0.78,1.7,2.6,3.5
21/02/2022 14:44,0.76,1.7,2.6,3.5
21/02/2022 14:47,0.74,1.7,2.6,3.5
21/02/2022 14:51,0.72,1.7,2.6,3.5
21/02/2022 14:53,0.7,1.7,2.6,3.5
21/02/2022 14:56,0.68,1.7,2.6,3.5
21/02/2022 14:59,0.66,1.7,2.6,3.5
21/02/2022 15:00,0.64,1.7,2.6,3.5
21/02/2022 15:05,0.62,1.7,2.6,3.5
21/02/2022 15:07,0.6,1.7,2.6,3.5
21/02/2022 15:10,0.58,1.7,2.6,3.5
21/02/2022 15:13,0.56,1.7,2.6,3.5
21/02/2022 15:16,0.54,1.7,2.6,3.5
21/02/2022 15:18,0.52,1.7,2.6,3.5
21/02/2022 15:21,0.5,1.7,2.6,3.5
21/02/2022 15:24,0.48,1.7,2.6,3.5
21/02/2022 15:26,0.46,1.7,2.6,3.5
21/02/2022 15:30,0.44,1.7,2.6,3.5
21/02/2022 15:33,0.42,1.7,2.6,3.5
21/02/2022 15:36,0.38,1.7,2.6,3.5
21/02/2022 15:43,0.36,1.7,2.6,3.5
21/02/2022 15:45,0.34,1.7,2.6,3.5
21/02/2022 15:49,0.32,1.7,2.6,3.5
21/02/2022 15:51,0.3,1.7,2.6,3.5
21/02/2022 15:54,0.28,1.7,2.6,3.5
21/02/2022 15:57,0.26,1.7,2.6,3.5
21/02/2022 15:59,0.24,1.7,2.6,3.5
21/02/2022 16:02,0.22,1.7,2.6,3.5
21/02/2022 16:06,0.2,1.7,2.6,3.5
21/02/2022 16:08,0.18,1.7,2.6,3.5
21/02/2022 16:10,0.16,1.7,2.6,3.5
21/02/2022 16:13,0.14,1.7,2.6,3.5
21/02/2022 16:16,0.12,1.7,2.6,3.5
21/02/2022 16:20,0.1,1.7,2.6,3.5
21/02/2022 16:23,0.08,1.7,2.6,3.5
21/02/2022 16:25,0.06,1.7,2.6,3.5
21/02/2022 16:30,0.04,1.7,2.6,3.5
21/02/2022 16:33,0.02,1.7,2.6,3.5
21/02/2022 16:36,0.0,1.7,2.6,3.5
21/02/2022 16:44,-0.04,1.7,2.6,3.5
21/02/2022 16:48,-0.06,1.7,2.6,3.5
21/02/2022 16:51,-0.08,1.7,2.6,3.5
21/02/2022 16:53,-0.1,1.7,2.6,3.5
21/02/2022 16:57,-0.12,1.7,2.6,3.5
21/02/2022 17:00,-0.14,1.7,2.6,3.5
21/02/2022 17:03,-0.16,1.7,2.6,3.5
21/02/2022 17:05,-0.18,1.7,2.6,3.5
21/02/2022 17:09,-0.2,1.7,2.6,3.5
21/02/2022 17:13,-0.22,1.7,2.6,3.5
21/02/2022 17:16,-0.24,1.7,2.6,3.5
21/02/2022 17:18,-0.26,1.7,2.6,3.5
21/02/2022 17:24,-0.28,1.7,2.6,3.5
21/02/2022 17:26,-0.3,1.7,2.6,3.5
21/02/2022 17:30,-0.32,1.7,2.6,3.5
21/02/2022 17:34,-0.34,1.7,2.6,3.5
21/02/2022 17:36,-0.36,1.7,2.6,3.5
21/02/2022 17:37,-0.34,1.7,2.6,3.5
21/02/2022 17:38,-0.36,1.7,2.6,3.5
21/02/2022 17:41,-0.38,1.7,2.6,3.5
21/02/2022 17:46,-0.4,1.7,2.6,3.5
21/02/2022 17:48,-0.42,1.7,2.6,3.5
21/02/2022 17:51,-0.44,1.7,2.6,3.5
21/02/2022 17:54,-0.46,1.7,2.6,3.5
21/02/2022 17:58,-0.48,1.7,2.6,3.5
21/02/2022 18:03,-0.5,1.7,2.6,3.5
21/02/2022 18:05,-0.52,1.7,2.6,3.5
21/02/2022 18:11,-0.54,1.7,2.6,3.5
21/02/2022 18:13,-0.54,1.7,2.6,3.5
21/02/2022 18:15,-0.56,1.7,2.6,3.5
21/02/2022 18:19,-0.58,1.7,2.6,3.5
21/02/2022 18:24,-0.6,1.7,2.6,3.5
21/02/2022 18:30,-0.62,1.7,2.6,3.5
21/02/2022 18:34,-0.64,1.7,2.6,3.5
21/02/2022 18:39,-0.66,1.7,2.6,3.5
21/02/2022 18:46,-0.68,1.7,2.6,3.5
21/02/2022 18:50,-0.7,1.7,2.6,3.5
21/02/2022 18:58,-0.72,1.7,2.6,3.5
21/02/2022 19:08,-0.74,1.7,2.6,3.5
21/02/2022 19:44,-0.72,1.7,2.6,3.5
21/02/2022 19:55,-0.7,1.7,2.6,3.5
21/02/2022 20:01,-0.68,1.7,2.6,3.5
21/02/2022 20:08,-0.66,1.7,2.6,3.5
21/02/2022 20:14,-0.64,1.7,2.6,3.5
21/02/2022 20:18,-0.62,1.7,2.6,3.5
21/02/2022 20:25,-0.6,1.7,2.6,3.5
21/02/2022 20:28,-0.58,1.7,2.6,3.5
21/02/2022 20:33,-0.56,1.7,2.6,3.5
21/02/2022 20:37,-0.54,1.7,2.6,3.5
21/02/2022 20:41,-0.52,1.7,2.6,3.5
21/02/2022 20:45,-0.5,1.7,2.6,3.5
21/02/2022 20:47,-0.48,1.7,2.6,3.5
21/02/2022 20:52,-0.46,1.7,2.6,3.5
21/02/2022 20:55,-0.44,1.7,2.6,3.5
21/02/2022 20:59,-0.42,1.7,2.6,3.5
21/02/2022 21:02,-0.4,1.7,2.6,3.5
21/02/2022 21:04,-0.38,1.7,2.6,3.5
21/02/2022 21:07,-0.36,1.7,2.6,3.5
21/02/2022 21:11,-0.34,1.7,2.6,3.5
21/02/2022 21:12,-0.32,1.7,2.6,3.5
21/02/2022 21:16,-0.3,1.7,2.6,3.5
21/02/2022 21:20,-0.28,1.7,2.6,3.5
21/02/2022 21:22,-0.26,1.7,2.6,3.5
21/02/2022 21:25,-0.24,1.7,2.6,3.5
21/02/2022 21:28,-0.22,1.7,2.6,3.5
21/02/2022 21:31,-0.2,1.7,2.6,3.5
21/02/2022 21:33,-0.18,1.7,2.6,3.5
21/02/2022 21:36,-0.16,1.7,2.6,3.5
21/02/2022 21:39,-0.14,1.7,2.6,3.5
21/02/2022 21:42,-0.12,1.7,2.6,3.5
21/02/2022 21:45,-0.1,1.7,2.6,3.5
21/02/2022 21:51,-0.06,1.7,2.6,3.5
21/02/2022 21:54,-0.04,1.7,2.6,3.5
21/02/2022 21:57,-0.02,1.7,2.6,3.5
21/02/2022 22:00,0.0,1.7,2.6,3.5
21/02/2022 22:03,0.02,1.7,2.6,3.5
21/02/2022 22:06,0.04,1.7,2.6,3.5
21/02/2022 22:09,0.06,1.7,2.6,3.5
21/02/2022 22:13,0.08,1.7,2.6,3.5
21/02/2022 22:16,0.1,1.7,2.6,3.5
21/02/2022 22:21,0.14,1.7,2.6,3.5
21/02/2022 22:25,0.16,1.7,2.6,3.5
21/02/2022 22:29,0.18,1.7,2.6,3.5
21/02/2022 22:32,0.2,1.7,2.6,3.5
21/02/2022 22:35,0.22,1.7,2.6,3.5
21/02/2022 22:38,0.24,1.7,2.6,3.5
21/02/2022 22:42,0.26,1.7,2.6,3.5
21/02/2022 22:44,0.28,1.7,2.6,3.5
21/02/2022 22:47,0.3,1.7,2.6,3.5
21/02/2022 22:50,0.32,1.7,2.6,3.5
21/02/2022 22:54,0.34,1.7,2.6,3.5
21/02/2022 22:57,0.36,1.7,2.6,3.5
21/02/2022 23:00,0.38,1.7,2.6,3.5
21/02/2022 23:03,0.4,1.7,2.6,3.5
21/02/2022 23:07,0.42,1.7,2.6,3.5
21/02/2022 23:10,0.44,1.7,2.6,3.5
21/02/2022 23:13,0.46,1.7,2.6,3.5
21/02/2022 23:17,0.48,1.7,2.6,3.5
21/02/2022 23:20,0.5,1.7,2.6,3.5
21/02/2022 23:23,0.52,1.7,2.6,3.5
21/02/2022 23:28,0.54,1.7,2.6,3.5
21/02/2022 23:30,0.56,1.7,2.6,3.5
21/02/2022 23:34,0.58,1.7,2.6,3.5
21/02/2022 23:36,0.6,1.7,2.6,3.5
21/02/2022 23:41,0.62,1.7,2.6,3.5
21/02/2022 23:44,0.64,1.7,2.6,3.5
21/02/2022 23:46,0.66,1.7,2.6,3.5
21/02/2022 23:51,0.68,1.7,2.6,3.5
21/02/2022 23:55,0.7,1.7,2.6,3.5
21/02/2022 23:58,0.72,1.7,2.6,3.5
22/02/2022 00:03,0.74,1.7,2.6,3.5
22/02/2022 00:07,0.76,1.7,2.6,3.5
22/02/2022 00:11,0.78,1.7,2.6,3.5
22/02/2022 00:16,0.8,1.7,2.6,3.5
22/02/2022 00:21,0.82,1.7,2.6,3.5
22/02/2022 00:26,0.84,1.7,2.6,3.5
22/02/2022 00:30,0.86,1.7,2.6,3.5
22/02/2022 00:37,0.88,1.7,2.6,3.5
22/02/2022 00:41,0.9,1.7,2.6,3.5
22/02/2022 00:49,0.92,1.7,2.6,3.5
22/02/2022 00:56,0.94,1.7,2.6,3.5
22/02/2022 01:03,0.96,1.7,2.6,3.5
22/02/2022 01:15,0.98,1.7,2.6,3.5
22/02/2022 01:56,0.96,1.7,2.6,3.5
22/02/2022 02:03,0.94,1.7,2.6,3.5
22/02/2022 02:19,0.9,1.7,2.6,3.5
22/02/2022 02:27,0.88,1.7,2.6,3.5
22/02/2022 02:31,0.86,1.7,2.6,3.5
22/02/2022 02:35,0.84,1.7,2.6,3.5
22/02/2022 02:38,0.82,1.7,2.6,3.5
22/02/2022 02:43,0.8,1.7,2.6,3.5
22/02/2022 02:47,0.78,1.7,2.6,3.5
22/02/2022 02:52,0.76,1.7,2.6,3.5
22/02/2022 02:56,0.74,1.7,2.6,3.5
22/02/2022 02:59,0.72,1.7,2.6,3.5
22/02/2022 03:02,0.7,1.7,2.6,3.5
22/02/2022 03:09,0.66,1.7,2.6,3.5
22/02/2022 03:13,0.64,1.7,2.6,3.5
22/02/2022 03:17,0.62,1.7,2.6,3.5
22/02/2022 03:20,0.6,1.7,2.6,3.5
22/02/2022 03:24,0.58,1.7,2.6,3.5
22/02/2022 03:27,0.56,1.7,2.6,3.5
22/02/2022 03:30,0.54,1.7,2.6,3.5
22/02/2022 03:34,0.52,1.7,2.6,3.5
22/02/2022 03:38,0.5,1.7,2.6,3.5
22/02/2022 03:40,0.48,1.7,2.6,3.5
22/02/2022 03:44,0.46,1.7,2.6,3.5
22/02/2022 03:48,0.44,1.7,2.6,3.5
22/02/2022 03:52,0.42,1.7,2.6,3.5
22/02/2022 03:56,0.4,1.7,2.6,3.5
22/02/2022 03:59,0.38,1.7,2.6,3.5
22/02/2022 04:02,0.36,1.7,2.6,3.5
22/02/2022 04:06,0.34,1.7,2.6,3.5
22/02/2022 04:09,0.32,1.7,2.6,3.5
22/02/2022 04:12,0.3,1.7,2.6,3.5
22/02/2022 04:16,0.28,1.7,2.6,3.5
22/02/2022 04:20,0.26,1.7,2.6,3.5
22/02/2022 04:24,0.24,1.7,2.6,3.5
22/02/2022 04:28,0.22,1.7,2.6,3.5
22/02/2022 04:32,0.2,1.7,2.6,3.5
22/02/2022 04:36,0.18,1.7,2.6,3.5
22/02/2022 04:39,0.16,1.7,2.6,3.5
22/02/2022 04:42,0.14,1.7,2.6,3.5
22/02/2022 04:46,0.12,1.7,2.6,3.5
22/02/2022 04:49,0.1,1.7,2.6,3.5
22/02/2022 04:53,0.08,1.7,2.6,3.5
22/02/2022 04:56,0.06,1.7,2.6,3.5
22/02/2022 05:00,0.04,1.7,2.6,3.5
22/02/2022 05:03,0.02,1.7,2.6,3.5
22/02/2022 05:07,0.0,1.7,2.6,3.5
22/02/2022 05:10,-0.02,1.7,2.6,3.5
22/02/2022 05:13,-0.04,1.7,2.6,3.5
22/02/2022 05:20,-0.08,1.7,2.6,3.5
22/02/2022 05:28,-0.12,1.7,2.6,3.5
22/02/2022 05:32,-0.14,1.7,2.6,3.5
22/02/2022 05:36,-0.16,1.7,2.6,3.5
22/02/2022 05:40,-0.18,1.7,2.6,3.5
22/02/2022 05:43,-0.2,1.7,2.6,3.5
22/02/2022 05:48,-0.22,1.7,2.6,3.5
22/02/2022 05:51,-0.24,1.7,2.6,3.5
22/02/2022 05:55,-0.26,1.7,2.6,3.5
22/02/2022 05:58,-0.28,1.7,2.6,3.5
22/02/2022 06:02,-0.3,1.7,2.6,3.5
22/02/2022 06:06,-0.32,1.7,2.6,3.5
22/02/2022 06:10,-0.34,1.7,2.6,3.5
22/02/2022 06:13,-0.34,1.7,2.6,3.5
22/02/2022 06:15,-0.36,1.7,2.6,3.5
22/02/2022 06:18,-0.38,1.7,2.6,3.5
22/02/2022 06:22,-0.4,1.7,2.6,3.5
22/02/2022 06:34,-0.44,1.7,2.6,3.5
22/02/2022 06:38,-0.46,1.7,2.6,3.5
22/02/2022 06:46,-0.48,1.7,2.6,3.5
22/02/2022 06:51,-0.5,1.7,2.6,3.5
22/02/2022 06:56,-0.52,1.7,2.6,3.5
22/02/2022 07:04,-0.54,1.7,2.6,3.5
22/02/2022 07:12,-0.56,1.7,2.6,3.5
22/02/2022 07:26,-0.58,1.7,2.6,3.5
22/02/2022 07:48,-0.56,1.7,2.6,3.5
22/02/2022 08:07,-0.54,1.7,2.6,3.5
22/02/2022 08:14,-0.52,1.7,2.6,3.5
22/02/2022 08:21,-0.5,1.7,2.6,3.5
22/02/2022 08:24,-0.48,1.7,2.6,3.5
22/02/2022 08:28,-0.46,1.7,2.6,3.5
22/02/2022 08:35,-0.44,1.7,2.6,3.5
22/02/2022 08:41,-0.42,1.7,2.6,3.5
22/02/2022 08:45,-0.4,1.7,2.6,3.5
22/02/2022 08:48,-0.38,1.7,2.6,3.5
22/02/2022 08:53,-0.36,1.7,2.6,3.5
22/02/2022 08:56,-0.34,1.7,2.6,3.5
22/02/2022 09:01,-0.32,1.7,2.6,3.5
22/02/2022 09:03,-0.3,1.7,2.6,3.5
22/02/2022 09:08,-0.28,1.7,2.6,3.5
22/02/2022 09:11,-0.26,1.7,2.6,3.5
22/02/2022 09:14,-0.24,1.7,2.6,3.5
22/02/2022 09:17,-0.22,1.7,2.6,3.5
22/02/2022 09:20,-0.2,1.7,2.6,3.5
22/02/2022 09:23,-0.18,1.7,2.6,3.5
22/02/2022 09:25,-0.16,1.7,2.6,3.5
22/02/2022 09:30,-0.14,1.7,2.6,3.5
22/02/2022 09:32,-0.12,1.7,2.6,3.5
22/02/2022 09:35,-0.1,1.7,2.6,3.5
22/02/2022 09:40,-0.08,1.7,2.6,3.5
22/02/2022 09:42,-0.06,1.7,2.6,3.5
22/02/2022 09:45,-0.04,1.7,2.6,3.5
22/02/2022 09:48,-0.02,1.7,2.6,3.5
22/02/2022 09:52,0.0,1.7,2.6,3.5
22/02/2022 09:55,0.02,1.7,2.6,3.5
22/02/2022 09:58,0.04,1.7,2.6,3.5
22/02/2022 10:01,0.06,1.7,2.6,3.5
22/02/2022 10:04,0.08,1.7,2.6,3.5
22/02/2022 10:09,0.1,1.7,2.6,3.5
22/02/2022 10:13,0.12,1.7,2.6,3.5
22/02/2022 10:16,0.14,1.7,2.6,3.5
22/02/2022 10:19,0.16,1.7,2.6,3.5
22/02/2022 10:24,0.18,1.7,2.6,3.5
22/02/2022 10:27,0.2,1.7,2.6,3.5
22/02/2022 10:30,0.22,1.7,2.6,3.5
22/02/2022 10:33,0.24,1.7,2.6,3.5
22/02/2022 10:36,0.26,1.7,2.6,3.5
22/02/2022 10:39,0.28,1.7,2.6,3.5
22/02/2022 10:42,0.3,1.7,2.6,3.5
22/02/2022 10:45,0.32,1.7,2.6,3.5
22/02/2022 10:49,0.34,1.7,2.6,3.5
22/02/2022 10:52,0.36,1.7,2.6,3.5
22/02/2022 10:55,0.38,1.7,2.6,3.5
22/02/2022 10:59,0.4,1.7,2.6,3.5
22/02/2022 11:02,0.42,1.7,2.6,3.5
22/02/2022 11:05,0.44,1.7,2.6,3.5
22/02/2022 11:08,0.46,1.7,2.6,3.5
22/02/2022 11:14,0.48,1.7,2.6,3.5
22/02/2022 11:19,0.5,1.7,2.6,3.5
22/02/2022 11:22,0.52,1.7,2.6,3.5
22/02/2022 11:23,0.54,1.7,2.6,3.5
22/02/2022 11:29,0.56,1.7,2.6,3.5
22/02/2022 11:33,0.58,1.7,2.6,3.5
22/02/2022 11:36,0.6,1.7,2.6,3.5
22/02/2022 11:40,0.62,1.7,2.6,3.5
22/02/2022 11:44,0.64,1.7,2.6,3.5
22/02/2022 11:48,0.66,1.7,2.6,3.5
22/02/2022 11:51,0.68,1.7,2.6,3.5
22/02/2022 11:55,0.7,1.7,2.6,3.5
22/02/2022 11:56,0.68,1.7,2.6,3.5
22/02/2022 11:57,0.7,1.7,2.6,3.5
22/02/2022 12:01,0.72,1.7,2.6,3.5
22/02/2022 12:08,0.76,1.7,2.6,3.5
22/02/2022 12:13,0.78,1.7,2.6,3.5
22/02/2022 12:18,0.8,1.7,2.6,3.5
22/02/2022 12:21,0.82,1.7,2.6,3.5
22/02/2022 12:27,0.84,1.7,2.6,3.5
22/02/2022 12:32,0.86,1.7,2.6,3.5
22/02/2022 12:38,0.88,1.7,2.6,3.5
22/02/2022 12:42,0.9,1.7,2.6,3.5
22/02/2022 12:48,0.92,1.7,2.6,3.5
22/02/2022 12:56,0.94,1.7,2.6,3.5
22/02/2022 13:06,0.96,1.7,2.6,3.5
22/02/2022 13:22,0.98,1.7,2.6,3.5
22/02/2022 13:59,0.96,1.7,2.6,3.5
22/02/2022 14:09,0.94,1.7,2.6,3.5
22/02/2022 14:16,0.92,1.7,2.6,3.5
22/02/2022 14:22,0.88,1.7,2.6,3.5
22/02/2022 14:23,0.9,1.7,2.6,3.5
22/02/2022 14:27,0.88,1.7,2.6,3.5
22/02/2022 14:31,0.86,1.7,2.6,3.5
22/02/2022 14:35,0.84,1.7,2.6,3.5
22/02/2022 14:39,0.82,1.7,2.6,3.5
22/02/2022 14:43,0.8,1.7,2.6,3.5
22/02/2022 14:47,0.78,1.7,2.6,3.5
22/02/2022 14:52,0.76,1.7,2.6,3.5
22/02/2022 14:54,0.74,1.7,2.6,3.5
22/02/2022 15:01,0.72,1.7,2.6,3.5
22/02/2022 15:05,0.7,1.7,2.6,3.5
22/02/2022 15:08,0.68,1.7,2.6,3.5
22/02/2022 15:11,0.66,1.7,2.6,3.5
22/02/2022 15:13,0.64,1.7,2.6,3.5
22/02/2022 15:17,0.62,1.7,2.6,3.5
22/02/2022 15:20,0.6,1.7,2.6,3.5
22/02/2022 15:22,0.58,1.7,2.6,3.5
22/02/2022 15:26,0.56,1.7,2.6,3.5
22/02/2022 15:30,0.54,1.7,2.6,3.5
22/02/2022 15:33,0.52,1.7,2.6,3.5
22/02/2022 15:36,0.5,1.7,2.6,3.5
22/02/2022 15:42,0.48,1.7,2.6,3.5
22/02/2022 15:45,0.46,1.7,2.6,3.5
22/02/2022 15:49,0.44,1.7,2.6,3.5
22/02/2022 15:52,0.42,1.7,2.6,3.5
22/02/2022 15:56,0.4,1.7,2.6,3.5
22/02/2022 15:59,0.38,1.7,2.6,3.5
22/02/2022 16:02,0.36,1.7,2.6,3.5
22/02/2022 16:04,0.34,1.7,2.6,3.5
22/02/2022 16:08,0.32,1.7,2.6,3.5
22/02/2022 16:11,0.3,1.7,2.6,3.5
22/02/2022 16:14,0.28,1.7,2.6,3.5
22/02/2022 16:16,0.26,1.7,2.6,3.5
22/02/2022 16:20,0.24,1.7,2.6,3.5
22/02/2022 16:23,0.22,1.7,2.6,3.5
22/02/2022 16:26,0.2,1.7,2.6,3.5
22/02/2022 16:29,0.18,1.7,2.6,3.5
22/02/2022 16:34,0.16,1.7,2.6,3.5
22/02/2022 16:37,0.14,1.7,2.6,3.5
22/02/2022 16:39,0.12,1.7,2.6,3.5
22/02/2022 16:43,0.1,1.7,2.6,3.5
22/02/2022 16:47,0.08,1.7,2.6,3.5
22/02/2022 16:50,0.06,1.7,2.6,3.5
22/02/2022 16:54,0.04,1.7,2.6,3.5
22/02/2022 16:57,0.02,1.7,2.6,3.5
22/02/2022 17:01,0.0,1.7,2.6,3.5
22/02/2022 17:03,-0.02,1.7,2.6,3.5
22/02/2022 17:06,-0.04,1.7,2.6,3.5
22/02/2022 17:11,-0.06,1.7,2.6,3.5
22/02/2022 17:13,-0.08,1.7,2.6,3.5
22/02/2022 17:15,-0.1,1.7,2.6,3.5
22/02/2022 17:19,-0.12,1.7,2.6,3.5
22/02/2022 17:23,-0.14,1.7,2.6,3.5
22/02/2022 17:25,-0.16,1.7,2.6,3.5
22/02/2022 17:29,-0.18,1.7,2.6,3.5
22/02/2022 17:31,-0.2,1.7,2.6,3.5
22/02/2022 17:36,-0.22,1.7,2.6,3.5
22/02/2022 17:37,-0.24,1.7,2.6,3.5
22/02/2022 17:43,-0.26,1.7,2.6,3.5
22/02/2022 17:47,-0.28,1.7,2.6,3.5
22/02/2022 17:51,-0.3,1.7,2.6,3.5
22/02/2022 17:54,-0.32,1.7,2.6,3.5
22/02/2022 17:58,-0.34,1.7,2.6,3.5
22/02/2022 18:08,-0.4,1.7,2.6,3.5
22/02/2022 18:12,-0.42,1.7,2.6,3.5
22/02/2022 18:16,-0.44,1.7,2.6,3.5
22/02/2022 18:19,-0.46,1.7,2.6,3.5
22/02/2022 18:22,-0.48,1.7,2.6,3.5
22/02/2022 18:27,-0.5,1.7,2.6,3.5
22/02/2022 18:33,-0.52,1.7,2.6,3.5
22/02/2022 18:37,-0.54,1.7,2.6,3.5
22/02/2022 18:42,-0.56,1.7,2.6,3.5
22/02/2022 18:48,-0.58,1.7,2.6,3.5
22/02/2022 18:53,-0.6,1.7,2.6,3.5
22/02/2022 18:59,-0.62,1.7,2.6,3.5
22/02/2022 19:06,-0.64,1.7,2.6,3.5
22/02/2022 19:11,-0.66,1.7,2.6,3.5
22/02/2022 19:17,-0.68,1.7,2.6,3.5
22/02/2022 19:28,-0.7,1.7,2.6,3.5
22/02/2022 19:37,-0.72,1.7,2.6,3.5
22/02/2022 19:51,-0.74,1.7,2.6,3.5
22/02/2022 20:17,-0.72,1.7,2.6,3.5
22/02/2022 20:36,-0.68,1.7,2.6,3.5
22/02/2022 20:46,-0.64,1.7,2.6,3.5
22/02/2022 20:52,-0.62,1.7,2.6,3.5
22/02/2022 20:57,-0.6,1.7,2.6,3.5
22/02/2022 21:01,-0.58,1.7,2.6,3.5
22/02/2022 21:05,-0.56,1.7,2.6,3.5
22/02/2022 21:09,-0.54,1.7,2.6,3.5
22/02/2022 21:13,-0.52,1.7,2.6,3.5
22/02/2022 21:16,-0.5,1.7,2.6,3.5
22/02/2022 21:20,-0.48,1.7,2.6,3.5
22/02/2022 21:24,-0.46,1.7,2.6,3.5
22/02/2022 21:28,-0.44,1.7,2.6,3.5
22/02/2022 21:32,-0.42,1.7,2.6,3.5
22/02/2022 21:37,-0.4,1.7,2.6,3.5
22/02/2022 21:40,-0.38,1.7,2.6,3.5
22/02/2022 21:43,-0.36,1.7,2.6,3.5
22/02/2022 21:46,-0.34,1.7,2.6,3.5
22/02/2022 21:50,-0.32,1.7,2.6,3.5
22/02/2022 21:53,-0.3,1.7,2.6,3.5
22/02/2022 21:57,-0.28,1.7,2.6,3.5
22/02/2022 22:01,-0.26,1.7,2.6,3.5
22/02/2022 22:03,-0.24,1.7,2.6,3.5
22/02/2022 22:07,-0.22,1.7,2.6,3.5
22/02/2022 22:10,-0.2,1.7,2.6,3.5
22/02/2022 22:13,-0.18,1.7,2.6,3.5
22/02/2022 22:16,-0.16,1.7,2.6,3.5
22/02/2022 22:20,-0.14,1.7,2.6,3.5
22/02/2022 22:24,-0.12,1.7,2.6,3.5
22/02/2022 22:27,-0.1,1.7,2.6,3.5
22/02/2022 22:29,-0.08,1.7,2.6,3.5
22/02/2022 22:33,-0.06,1.7,2.6,3.5
22/02/2022 22:37,-0.04,1.7,2.6,3.5
22/02/2022 22:39,-0.02,1.7,2.6,3.5
22/02/2022 22:44,0.0,1.7,2.6,3.5
22/02/2022 22:45,0.02,1.7,2.6,3.5
22/02/2022 22:48,0.04,1.7,2.6,3.5
22/02/2022 22:52,0.06,1.7,2.6,3.5
22/02/2022 22:54,0.08,1.7,2.6,3.5
22/02/2022 22:57,0.1,1.7,2.6,3.5
22/02/2022 23:00,0.12,1.7,2.6,3.5
22/02/2022 23:03,0.14,1.7,2.6,3.5
22/02/2022 23:06,0.16,1.7,2.6,3.5
22/02/2022 23:09,0.18,1.7,2.6,3.5
22/02/2022 23:12,0.2,1.7,2.6,3.5
22/02/2022 23:15,0.22,1.7,2.6,3.5
22/02/2022 23:18,0.24,1.7,2.6,3.5
22/02/2022 23:22,0.26,1.7,2.6,3.5
22/02/2022 23:25,0.28,1.7,2.6,3.5
22/02/2022 23:28,0.3,1.7,2.6,3.5
22/02/2022 23:32,0.32,1.7,2.6,3.5
22/02/2022 23:36,0.34,1.7,2.6,3.5
22/02/2022 23:40,0.36,1.7,2.6,3.5
22/02/2022 23:44,0.38,1.7,2.6,3.5
22/02/2022 23:46,0.4,1.7,2.6,3.5
22/02/2022 23:50,0.42,1.7,2.6,3.5
22/02/2022 23:53,0.44,1.7,2.6,3.5
22/02/2022 23:56,0.46,1.7,2.6,3.5
23/02/2022 00:00,0.48,1.7,2.6,3.5
23/02/2022 00:04,0.5,1.7,2.6,3.5
23/02/2022 00:08,0.52,1.7,2.6,3.5
23/02/2022 00:11,0.54,1.7,2.6,3.5
23/02/2022 00:14,0.56,1.7,2.6,3.5
23/02/2022 00:16,0.58,1.7,2.6,3.5
23/02/2022 00:20,0.6,1.7,2.6,3.5
23/02/2022 00:24,0.62,1.7,2.6,3.5
23/02/2022 00:30,0.64,1.7,2.6,3.5
23/02/2022 00:32,0.66,1.7,2.6,3.5
23/02/2022 00:37,0.68,1.7,2.6,3.5
23/02/2022 00:41,0.7,1.7,2.6,3.5
23/02/2022 00:46,0.72,1.7,2.6,3.5
23/02/2022 00:50,0.74,1.7,2.6,3.5
23/02/2022 00:53,0.76,1.7,2.6,3.5
23/02/2022 00:57,0.78,1.7,2.6,3.5
23/02/2022 01:02,0.8,1.7,2.6,3.5
23/02/2022 01:08,0.82,1.7,2.6,3.5
23/02/2022 01:12,0.84,1.7,2.6,3.5
23/02/2022 01:15,0.86,1.7,2.6,3.5
23/02/2022 01:20,0.88,1.7,2.6,3.5
23/02/2022 01:27,0.9,1.7,2.6,3.5
23/02/2022 01:31,0.92,1.7,2.6,3.5
23/02/2022 01:34,0.94,1.7,2.6,3.5
23/02/2022 01:38,0.96,1.7,2.6,3.5
23/02/2022 01:43,0.98,1.7,2.6,3.5
23/02/2022 01:49,1.0,1.7,2.6,3.5
23/02/2022 02:15,0.98,1.7,2.6,3.5
23/02/2022 02:47,0.96,1.7,2.6,3.5
23/02/2022 02:56,0.94,1.7,2.6,3.5
23/02/2022 03:04,0.96,1.7,2.6,3.5
23/02/2022 03:06,0.94,1.7,2.6,3.5
23/02/2022 03:08,0.96,1.7,2.6,3.5
23/02/2022 03:27,0.94,1.7,2.6,3.5
23/02/2022 03:31,0.92,1.7,2.6,3.5
23/02/2022 03:34,0.9,1.7,2.6,3.5
23/02/2022 03:36,0.88,1.7,2.6,3.5
23/02/2022 03:38,0.86,1.7,2.6,3.5
23/02/2022 03:40,0.84,1.7,2.6,3.5
23/02/2022 03:43,0.82,1.7,2.6,3.5
23/02/2022 03:47,0.8,1.7,2.6,3.5
23/02/2022 03:50,0.78,1.7,2.6,3.5
23/02/2022 03:52,0.76,1.7,2.6,3.5
23/02/2022 03:55,0.74,1.7,2.6,3.5
23/02/2022 03:57,0.72,1.7,2.6,3.5
23/02/2022 04:01,0.7,1.7,2.6,3.5
23/02/2022 04:05,0.68,1.7,2.6,3.5
23/02/2022 04:07,0.66,1.7,2.6,3.5
23/02/2022 04:09,0.64,1.7,2.6,3.5
23/02/2022 04:12,0.62,1.7,2.6,3.5
23/02/2022 04:17,0.6,1.7,2.6,3.5
23/02/2022 04:25,0.58,1.7,2.6,3.5
23/02/2022 04:28,0.56,1.7,2.6,3.5
23/02/2022 04:30,0.54,1.7,2.6,3.5
23/02/2022 04:32,0.52,1.7,2.6,3.5
23/02/2022 04:36,0.5,1.7,2.6,3.5
23/02/2022 04:38,0.48,1.7,2.6,3.5
23/02/2022 04:40,0.46,1.7,2.6,3.5
23/02/2022 04:43,0.44,1.7,2.6,3.5
23/02/2022 04:46,0.42,1.7,2.6,3.5
23/02/2022 04:48,0.4,1.7,2.6,3.5
23/02/2022 04:52,0.38,1.7,2.6,3.5
23/02/2022 04:57,0.36,1.7,2.6,3.5
23/02/2022 05:06,0.34,1.7,2.6,3.5
23/02/2022 05:12,0.32,1.7,2.6,3.5
23/02/2022 05:17,0.3,1.7,2.6,3.5
23/02/2022 05:22,0.28,1.7,2.6,3.5
23/02/2022 05:25,0.26,1.7,2.6,3.5
23/02/2022 05:29,0.24,1.7,2.6,3.5
23/02/2022 05:31,0.22,1.7,2.6,3.5
23/02/2022 05:33,0.2,1.7,2.6,3.5
23/02/2022 05:38,0.18,1.7,2.6,3.5
23/02/2022 05:41,0.16,1.7,2.6,3.5
23/02/2022 05:44,0.14,1.7,2.6,3.5
23/02/2022 05:47,0.12,1.7,2.6,3.5
23/02/2022 05:51,0.1,1.7,2.6,3.5
23/02/2022 05:55,0.08,1.7,2.6,3.5
23/02/2022 05:59,0.06,1.7,2.6,3.5
23/02/2022 06:05,0.04,1.7,2.6,3.5
23/02/2022 06:12,0.02,1.7,2.6,3.5
23/02/2022 06:19,0.0,1.7,2.6,3.5
23/02/2022 06:24,-0.02,1.7,2.6,3.5
23/02/2022 06:30,-0.04,1.7,2.6,3.5
23/02/2022 06:36,-0.08,1.7,2.6,3.5
23/02/2022 06:41,-0.1,1.7,2.6,3.5
23/02/2022 06:44,-0.12,1.7,2.6,3.5
23/02/2022 06:47,-0.14,1.7,2.6,3.5
23/02/2022 06:54,-0.16,1.7,2.6,3.5
23/02/2022 06:59,-0.18,1.7,2.6,3.5
23/02/2022 07:02,-0.2,1.7,2.6,3.5
23/02/2022 07:07,-0.22,1.7,2.6,3.5
23/02/2022 07:10,-0.24,1.7,2.6,3.5
23/02/2022 07:14,-0.26,1.7,2.6,3.5
23/02/2022 07:18,-0.28,1.7,2.6,3.5
23/02/2022 07:23,-0.3,1.7,2.6,3.5
23/02/2022 07:25,-0.32,1.7,2.6,3.5
23/02/2022 07:29,-0.34,1.7,2.6,3.5
23/02/2022 07:36,-0.36,1.7,2.6,3.5
23/02/2022 07:40,-0.38,1.7,2.6,3.5
23/02/2022 07:48,-0.42,1.7,2.6,3.5
23/02/2022 07:51,-0.44,1.7,2.6,3.5
23/02/2022 07:55,-0.46,1.7,2.6,3.5
23/02/2022 07:57,-0.48,1.7,2.6,3.5
23/02/2022 08:00,-0.5,1.7,2.6,3.5
23/02/2022 08:05,-0.52,1.7,2.6,3.5
23/02/2022 08:06,-0.5,1.7,2.6,3.5
23/02/2022 08:08,-0.48,1.7,2.6,3.5
23/02/2022 08:11,-0.46,1.7,2.6,3.5
23/02/2022 08:24,-0.44,1.7,2.6,3.5
23/02/2022 08:27,-0.42,1.7,2.6,3.5
23/02/2022 08:34,-0.4,1.7,2.6,3.5
23/02/2022 08:42,-0.42,1.7,2.6,3.5
23/02/2022 08:59,-0.44,1.7,2.6,3.5
23/02/2022 09:03,-0.42,1.7,2.6,3.5
23/02/2022 09:08,-0.4,1.7,2.6,3.5
23/02/2022 09:13,-0.42,1.7,2.6,3.5
23/02/2022 09:24,-0.44,1.7,2.6,3.5
23/02/2022 09:32,-0.42,1.7,2.6,3.5
23/02/2022 09:33,-0.4,1.7,2.6,3.5
23/02/2022 09:37,-0.38,1.7,2.6,3.5
23/02/2022 09:41,-0.36,1.7,2.6,3.5
23/02/2022 09:46,-0.34,1.7,2.6,3.5
23/02/2022 09:49,-0.32,1.7,2.6,3.5
23/02/2022 09:50,-0.3,1.7,2.6,3.5
23/02/2022 09:52,-0.28,1.7,2.6,3.5
23/02/2022 09:57,-0.26,1.7,2.6,3.5
23/02/2022 10:00,-0.24,1.7,2.6,3.5
23/02/2022 10:06,-0.22,1.7,2.6,3.5
23/02/2022 10:12,-0.2,1.7,2.6,3.5
23/02/2022 10:15,-0.18,1.7,2.6,3.5
23/02/2022 10:18,-0.16,1.7,2.6,3.5
23/02/2022 10:22,-0.14,1.7,2.6,3.5
23/02/2022 10:28,-0.12,1.7,2.6,3.5
23/02/2022 10:31,-0.1,1.7,2.6,3.5
23/02/2022 10:33,-0.08,1.7,2.6,3.5
23/02/2022 10:37,-0.06,1.7,2.6,3.5
23/02/2022 10:41,-0.04,1.7,2.6,3.5
23/02/2022 10:44,-0.02,1.7,2.6,3.5
23/02/2022 10:50,0.0,1.7,2.6,3.5
23/02/2022 10:53,0.02,1.7,2.6,3.5
23/02/2022 10:58,0.04,1.7,2.6,3.5
23/02/2022 11:00,0.06,1.7,2.6,3.5
23/02/2022 11:06,0.1,1.7,2.6,3.5
23/02/2022 11:14,0.12,1.7,2.6,3.5
23/02/2022 11:21,0.14,1.7,2.6,3.5
23/02/2022 11:25,0.16,1.7,2.6,3.5
23/02/2022 11:30,0.18,1.7,2.6,3.5
23/02/2022 11:34,0.2,1.7,2.6,3.5
23/02/2022 11:39,0.22,1.7,2.6,3.5
23/02/2022 11:44,0.24,1.7,2.6,3.5
23/02/2022 11:47,0.26,1.7,2.6,3.5
23/02/2022 11:54,0.3,1.7,2.6,3.5
23/02/2022 11:56,0.32,1.7,2.6,3.5
23/02/2022 12:01,0.34,1.7,2.6,3.5
23/02/2022 12:04,0.36,1.7,2.6,3.5
23/02/2022 12:09,0.38,1.7,2.6,3.5
23/02/2022 12:13,0.4,1.7,2.6,3.5
23/02/2022 12:17,0.42,1.7,2.6,3.5
23/02/2022 12:21,0.44,1.7,2.6,3.5
23/02/2022 12:27,0.46,1.7,2.6,3.5
23/02/2022 12:32,0.48,1.7,2.6,3.5
23/02/2022 12:35,0.5,1.7,2.6,3.5
23/02/2022 12:38,0.52,1.7,2.6,3.5
23/02/2022 12:41,0.54,1.7,2.6,3.5
23/02/2022 12:44,0.56,1.7,2.6,3.5
23/02/2022 12:49,0.58,1.7,2.6,3.5
23/02/2022 12:51,0.6,1.7,2.6,3.5
23/02/2022 12:56,0.62,1.7,2.6,3.5
23/02/2022 13:01,0.64,1.7,2.6,3.5
23/02/2022 13:06,0.66,1.7,2.6,3.5
23/02/2022 13:17,0.7,1.7,2.6,3.5
23/02/2022 13:23,0.72,1.7,2.6,3.5
23/02/2022 13:30,0.74,1.7,2.6,3.5
23/02/2022 13:42,0.76,1.7,2.6,3.5
23/02/2022 13:54,0.78,1.7,2.6,3.5
23/02/2022 14:04,0.8,1.7,2.6,3.5
23/02/2022 14:09,0.82,1.7,2.6,3.5
23/02/2022 14:10,0.8,1.7,2.6,3.5
23/02/2022 14:23,0.82,1.7,2.6,3.5
23/02/2022 14:38,0.8,1.7,2.6,3.5
23/02/2022 14:55,0.78,1.7,2.6,3.5
23/02/2022 14:58,0.76,1.7,2.6,3.5
23/02/2022 15:08,0.74,1.7,2.6,3.5
23/02/2022 15:17,0.72,1.7,2.6,3.5
23/02/2022 15:20,0.7,1.7,2.6,3.5
23/02/2022 15:24,0.68,1.7,2.6,3.5
23/02/2022 15:32,0.66,1.7,2.6,3.5
23/02/2022 15:39,0.64,1.7,2.6,3.5
23/02/2022 15:45,0.62,1.7,2.6,3.5
23/02/2022 15:48,0.6,1.7,2.6,3.5
23/02/2022 15:51,0.58,1.7,2.6,3.5
23/02/2022 15:55,0.56,1.7,2.6,3.5
23/02/2022 15:59,0.54,1.7,2.6,3.5
23/02/2022 16:02,0.52,1.7,2.6,3.5
23/02/2022 16:03,0.5,1.7,2.6,3.5
23/02/2022 16:05,0.52,1.7,2.6,3.5
23/02/2022 16:06,0.5,1.7,2.6,3.5
23/02/2022 16:10,0.48,1.7,2.6,3.5
23/02/2022 16:15,0.46,1.7,2.6,3.5
23/02/2022 16:20,0.44,1.7,2.6,3.5
23/02/2022 16:23,0.42,1.7,2.6,3.5
23/02/2022 16:27,0.4,1.7,2.6,3.5
23/02/2022 16:31,0.38,1.7,2.6,3.5
23/02/2022 16:36,0.36,1.7,2.6,3.5
23/02/2022 16:41,0.34,1.7,2.6,3.5
23/02/2022 16:46,0.32,1.7,2.6,3.5
23/02/2022 16:51,0.3,1.7,2.6,3.5
23/02/2022 16:54,0.28,1.7,2.6,3.5
23/02/2022 16:57,0.26,1.7,2.6,3.5
23/02/2022 17:00,0.24,1.7,2.6,3.5
23/02/2022 17:02,0.22,1.7,2.6,3.5
23/02/2022 17:06,0.2,1.7,2.6,3.5
23/02/2022 17:09,0.18,1.7,2.6,3.5
23/02/2022 17:13,0.16,1.7,2.6,3.5
23/02/2022 17:17,0.14,1.7,2.6,3.5
23/02/2022 17:21,0.12,1.7,2.6,3.5
23/02/2022 17:25,0.1,1.7,2.6,3.5
23/02/2022 17:29,0.08,1.7,2.6,3.5
23/02/2022 17:31,0.06,1.7,2.6,3.5
23/02/2022 17:35,0.04,1.7,2.6,3.5
23/02/2022 17:40,0.02,1.7,2.6,3.5
23/02/2022 17:42,0.0,1.7,2.6,3.5
23/02/2022 17:45,-0.02,1.7,2.6,3.5
23/02/2022 17:48,-0.04,1.7,2.6,3.5
23/02/2022 17:52,-0.06,1.7,2.6,3.5
23/02/2022 17:55,-0.08,1.7,2.6,3.5
23/02/2022 18:02,-0.12,1.7,2.6,3.5
23/02/2022 18:06,-0.14,1.7,2.6,3.5
23/02/2022 18:09,-0.16,1.7,2.6,3.5
23/02/2022 18:12,-0.18,1.7,2.6,3.5
23/02/2022 18:17,-0.2,1.7,2.6,3.5
23/02/2022 18:21,-0.22,1.7,2.6,3.5
23/02/2022 18:25,-0.24,1.7,2.6,3.5
23/02/2022 18:30,-0.26,1.7,2.6,3.5
23/02/2022 18:33,-0.28,1.7,2.6,3.5
23/02/2022 18:37,-0.3,1.7,2.6,3.5
23/02/2022 18:40,-0.32,1.7,2.6,3.5
23/02/2022 18:43,-0.34,1.7,2.6,3.5
23/02/2022 18:48,-0.36,1.7,2.6,3.5
23/02/2022 18:52,-0.38,1.7,2.6,3.5
23/02/2022 18:57,-0.4,1.7,2.6,3.5
23/02/2022 19:02,-0.42,1.7,2.6,3.5
23/02/2022 19:07,-0.44,1.7,2.6,3.5
23/02/2022 19:11,-0.46,1.7,2.6,3.5
23/02/2022 19:19,-0.48,1.7,2.6,3.5
23/02/2022 19:25,-0.5,1.7,2.6,3.5
23/02/2022 19:30,-0.52,1.7,2.6,3.5
23/02/2022 19:39,-0.54,1.7,2.6,3.5
23/02/2022 19:45,-0.56,1.7,2.6,3.5
23/02/2022 19:51,-0.58,1.7,2.6,3.5
23/02/2022 20:06,-0.6,1.7,2.6,3.5
23/02/2022 20:14,-0.62,1.7,2.6,3.5
23/02/2022 20:25,-0.64,1.7,2.6,3.5
23/02/2022 20:52,-0.62,1.7,2.6,3.5
23/02/2022 21:03,-0.6,1.7,2.6,3.5
23/02/2022 21:14,-0.58,1.7,2.6,3.5
23/02/2022 21:27,-0.56,1.7,2.6,3.5
23/02/2022 21:34,-0.54,1.7,2.6,3.5
23/02/2022 21:36,-0.56,1.7,2.6,3.5
23/02/2022 21:37,-0.52,1.7,2.6,3.5
23/02/2022 21:44,-0.5,1.7,2.6,3.5
23/02/2022 21:49,-0.48,1.7,2.6,3.5
23/02/2022 21:52,-0.46,1.7,2.6,3.5
23/02/2022 21:57,-0.44,1.7,2.6,3.5
23/02/2022 22:00,-0.42,1.7,2.6,3.5
23/02/2022 22:02,-0.4,1.7,2.6,3.5
23/02/2022 22:06,-0.38,1.7,2.6,3.5
23/02/2022 22:08,-0.36,1.7,2.6,3.5
23/02/2022 22:13,-0.34,1.7,2.6,3.5
23/02/2022 22:15,-0.32,1.7,2.6,3.5
23/02/2022 22:20,-0.3,1.7,2.6,3.5
23/02/2022 22:24,-0.28,1.7,2.6,3.5
23/02/2022 22:34,-0.26,1.7,2.6,3.5
23/02/2022 22:36,-0.24,1.7,2.6,3.5
23/02/2022 22:39,-0.22,1.7,2.6,3.5
23/02/2022 22:43,-0.2,1.7,2.6,3.5
23/02/2022 22:47,-0.18,1.7,2.6,3.5
23/02/2022 22:52,-0.16,1.7,2.6,3.5
23/02/2022 22:55,-0.14,1.7,2.6,3.5
23/02/2022 22:59,-0.12,1.7,2.6,3.5
23/02/2022 23:02,-0.1,1.7,2.6,3.5
23/02/2022 23:14,-0.06,1.7,2.6,3.5
23/02/2022 23:20,-0.04,1.7,2.6,3.5
23/02/2022 23:25,-0.02,1.7,2.6,3.5
23/02/2022 23:29,0.0,1.7,2.6,3.5
23/02/2022 23:33,0.02,1.7,2.6,3.5
23/02/2022 23:35,0.04,1.7,2.6,3.5
23/02/2022 23:40,0.06,1.7,2.6,3.5
23/02/2022 23:42,0.08,1.7,2.6,3.5
23/02/2022 23:45,0.1,1.7,2.6,3.5
23/02/2022 23:48,0.12,1.7,2.6,3.5
23/02/2022 23:52,0.14,1.7,2.6,3.5
23/02/2022 23:55,0.16,1.7,2.6,3.5
23/02/2022 23:58,0.18,1.7,2.6,3.5
24/02/2022 00:02,0.2,1.7,2.6,3.5
24/02/2022 00:05,0.22,1.7,2.6,3.5
24/02/2022 00:08,0.24,1.7,2.6,3.5
24/02/2022 00:11,0.26,1.7,2.6,3.5
24/02/2022 00:15,0.28,1.7,2.6,3.5
24/02/2022 00:18,0.3,1.7,2.6,3.5
24/02/2022 00:22,0.32,1.7,2.6,3.5
24/02/2022 00:26,0.34,1.7,2.6,3.5
24/02/2022 00:30,0.36,1.7,2.6,3.5
24/02/2022 00:34,0.38,1.7,2.6,3.5
24/02/2022 00:38,0.4,1.7,2.6,3.5
24/02/2022 00:42,0.42,1.7,2.6,3.5
24/02/2022 00:45,0.44,1.7,2.6,3.5
24/02/2022 00:49,0.46,1.7,2.6,3.5
24/02/2022 00:52,0.48,1.7,2.6,3.5
24/02/2022 00:55,0.5,1.7,2.6,3.5
24/02/2022 00:58,0.52,1.7,2.6,3.5
24/02/2022 01:01,0.54,1.7,2.6,3.5
24/02/2022 01:04,0.56,1.7,2.6,3.5
24/02/2022 01:07,0.58,1.7,2.6,3.5
24/02/2022 01:11,0.6,1.7,2.6,3.5
24/02/2022 01:14,0.62,1.7,2.6,3.5
24/02/2022 01:17,0.64,1.7,2.6,3.5
24/02/2022 01:21,0.66,1.7,2.6,3.5
24/02/2022 01:26,0.68,1.7,2.6,3.5
24/02/2022 01:32,0.7,1.7,2.6,3.5
24/02/2022 01:36,0.72,1.7,2.6,3.5
24/02/2022 01:40,0.74,1.7,2.6,3.5
24/02/2022 01:44,0.76,1.7,2.6,3.5
24/02/2022 01:49,0.78,1.7,2.6,3.5
24/02/2022 01:54,0.8,1.7,2.6,3.5
24/02/2022 01:58,0.82,1.7,2.6,3.5
24/02/2022 02:02,0.84,1.7,2.6,3.5
24/02/2022 02:06,0.86,1.7,2.6,3.5
24/02/2022 02:10,0.88,1.7,2.6,3.5
24/02/2022 02:13,0.9,1.7,2.6,3.5
24/02/2022 02:17,1.0,1.7,2.6,3.5
24/02/2022 02:29,0.94,1.7,2.6,3.5
24/02/2022 02:35,0.96,1.7,2.6,3.5
24/02/2022 02:50,0.98,1.7,2.6,3.5
24/02/2022 03:07,1.0,1.7,2.6,3.5
24/02/2022 03:13,1.02,1.7,2.6,3.5
24/02/2022 03:25,1.0,1.7,2.6,3.5
24/02/2022 04:03,0.98,1.7,2.6,3.5
24/02/2022 04:15,0.96,1.7,2.6,3.5
24/02/2022 04:19,0.94,1.7,2.6,3.5
24/02/2022 04:26,0.92,1.7,2.6,3.5
24/02/2022 04:29,0.9,1.7,2.6,3.5
24/02/2022 04:34,0.88,1.7,2.6,3.5
24/02/2022 04:39,0.86,1.7,2.6,3.5
24/02/2022 04:46,0.84,1.7,2.6,3.5
24/02/2022 04:54,0.82,1.7,2.6,3.5
24/02/2022 05:03,0.8,1.7,2.6,3.5
24/02/2022 05:07,0.78,1.7,2.6,3.5
24/02/2022 05:11,0.76,1.7,2.6,3.5
24/02/2022 05:15,0.74,1.7,2.6,3.5
24/02/2022 05:20,0.72,1.7,2.6,3.5
24/02/2022 05:23,0.7,1.7,2.6,3.5
24/02/2022 05:27,0.68,1.7,2.6,3.5
24/02/2022 05:30,0.66,1.7,2.6,3.5
24/02/2022 05:34,0.64,1.7,2.6,3.5
24/02/2022 05:37,0.62,1.7,2.6,3.5
24/02/2022 05:41,0.6,1.7,2.6,3.5
24/02/2022 05:45,0.58,1.7,2.6,3.5
24/02/2022 05:50,0.56,1.7,2.6,3.5
24/02/2022 05:56,0.54,1.7,2.6,3.5
24/02/2022 06:03,0.52,1.7,2.6,3.5
24/02/2022 06:06,0.5,1.7,2.6,3.5
24/02/2022 06:11,0.48,1.7,2.6,3.5
24/02/2022 06:13,0.48,1.7,2.6,3.5
24/02/2022 06:13,0.46,1.7,2.6,3.5
24/02/2022 06:16,0.44,1.7,2.6,3.5
24/02/2022 06:20,0.42,1.7,2.6,3.5
24/02/2022 06:24,0.4,1.7,2.6,3.5
24/02/2022 06:28,0.38,1.7,2.6,3.5
24/02/2022 06:32,0.36,1.7,2.6,3.5
24/02/2022 06:35,0.34,1.7,2.6,3.5
24/02/2022 06:40,0.32,1.7,2.6,3.5
24/02/2022 06:45,0.3,1.7,2.6,3.5
24/02/2022 06:52,0.28,1.7,2.6,3.5
24/02/2022 06:56,0.26,1.7,2.6,3.5
24/02/2022 06:59,0.24,1.7,2.6,3.5
24/02/2022 07:02,0.22,1.7,2.6,3.5
24/02/2022 07:05,0.2,1.7,2.6,3.5
24/02/2022 07:07,0.18,1.7,2.6,3.5
24/02/2022 07:10,0.16,1.7,2.6,3.5
24/02/2022 07:13,0.14,1.7,2.6,3.5
24/02/2022 07:17,0.12,1.7,2.6,3.5
24/02/2022 07:21,0.1,1.7,2.6,3.5
24/02/2022 07:24,0.08,1.7,2.6,3.5
24/02/2022 07:29,0.06,1.7,2.6,3.5
24/02/2022 07:34,0.04,1.7,2.6,3.5
24/02/2022 07:38,0.02,1.7,2.6,3.5
24/02/2022 07:43,0.0,1.7,2.6,3.5
24/02/2022 07:47,-0.02,1.7,2.6,3.5
24/02/2022 07:50,-0.04,1.7,2.6,3.5
24/02/2022 07:55,-0.06,1.7,2.6,3.5
24/02/2022 07:59,-0.08,1.7,2.6,3.5
24/02/2022 08:03,-0.1,1.7,2.6,3.5
24/02/2022 08:07,-0.12,1.7,2.6,3.5
24/02/2022 08:13,-0.14,1.7,2.6,3.5
24/02/2022 08:20,-0.16,1.7,2.6,3.5
24/02/2022 08:21,-0.14,1.7,2.6,3.5
24/02/2022 08:22,-0.16,1.7,2.6,3.5
24/02/2022 08:26,-0.18,1.7,2.6,3.5
24/02/2022 08:30,-0.2,1.7,2.6,3.5
24/02/2022 08:37,-0.22,1.7,2.6,3.5
24/02/2022 08:46,-0.24,1.7,2.6,3.5
24/02/2022 08:53,-0.26,1.7,2.6,3.5
24/02/2022 08:58,-0.28,1.7,2.6,3.5
24/02/2022 09:05,-0.3,1.7,2.6,3.5
24/02/2022 09:22,-0.32,1.7,2.6,3.5
24/02/2022 09:28,-0.3,1.7,2.6,3.5
24/02/2022 09:59,-0.28,1.7,2.6,3.5
24/02/2022 10:26,-0.26,1.7,2.6,3.5
24/02/2022 10:35,-0.24,1.7,2.6,3.5
24/02/2022 10:42,-0.22,1.7,2.6,3.5
24/02/2022 10:48,-0.2,1.7,2.6,3.5
24/02/2022 10:53,-0.18,1.7,2.6,3.5
24/02/2022 10:59,-0.16,1.7,2.6,3.5
24/02/2022 11:08,-0.14,1.7,2.6,3.5
24/02/2022 11:22,-0.12,1.7,2.6,3.5
24/02/2022 11:26,-0.1,1.7,2.6,3.5
24/02/2022 11:30,-0.08,1.7,2.6,3.5
24/02/2022 11:33,-0.06,1.7,2.6,3.5
24/02/2022 11:38,-0.04,1.7,2.6,3.5
24/02/2022 11:44,-0.02,1.7,2.6,3.5
24/02/2022 11:51,0.0,1.7,2.6,3.5
24/02/2022 11:56,0.02,1.7,2.6,3.5
24/02/2022 12:01,0.04,1.7,2.6,3.5
24/02/2022 12:07,0.08,1.7,2.6,3.5
24/02/2022 12:08,0.06,1.7,2.6,3.5
24/02/2022 12:09,0.08,1.7,2.6,3.5
24/02/2022 12:15,0.1,1.7,2.6,3.5
24/02/2022 12:16,0.12,1.7,2.6,3.5
24/02/2022 12:20,0.14,1.7,2.6,3.5
24/02/2022 12:30,0.16,1.7,2.6,3.5
24/02/2022 12:40,0.18,1.7,2.6,3.5
24/02/2022 12:46,0.2,1.7,2.6,3.5
24/02/2022 12:52,0.22,1.7,2.6,3.5
24/02/2022 12:56,0.24,1.7,2.6,3.5
24/02/2022 13:00,0.26,1.7,2.6,3.5
24/02/2022 13:04,0.28,1.7,2.6,3.5
24/02/2022 13:07,0.3,1.7,2.6,3.5
24/02/2022 13:13,0.32,1.7,2.6,3.5
24/02/2022 13:18,0.34,1.7,2.6,3.5
24/02/2022 13:24,0.36,1.7,2.6,3.5
24/02/2022 13:33,0.38,1.7,2.6,3.5
24/02/2022 13:38,0.4,1.7,2.6,3.5
24/02/2022 13:41,0.42,1.7,2.6,3.5
24/02/2022 13:45,0.44,1.7,2.6,3.5
24/02/2022 13:49,0.46,1.7,2.6,3.5
24/02/2022 13:51,0.48,1.7,2.6,3.5
24/02/2022 13:53,0.5,1.7,2.6,3.5
24/02/2022 13:59,0.52,1.7,2.6,3.5
24/02/2022 14:02,0.54,1.7,2.6,3.5
24/02/2022 14:10,0.56,1.7,2.6,3.5
24/02/2022 14:16,0.58,1.7,2.6,3.5
24/02/2022 14:24,0.6,1.7,2.6,3.5
24/02/2022 14:38,0.62,1.7,2.6,3.5
24/02/2022 14:46,0.64,1.7,2.6,3.5
24/02/2022 14:49,0.66,1.7,2.6,3.5
24/02/2022 14:53,0.68,1.7,2.6,3.5
24/02/2022 14:55,0.66,1.7,2.6,3.5
24/02/2022 14:59,0.68,1.7,2.6,3.5
24/02/2022 15:08,0.7,1.7,2.6,3.5
24/02/2022 15:16,0.72,1.7,2.6,3.5
24/02/2022 15:40,0.7,1.7,2.6,3.5
24/02/2022 15:45,0.68,1.7,2.6,3.5
24/02/2022 16:04,0.66,1.7,2.6,3.5
24/02/2022 16:08,0.64,1.7,2.6,3.5
24/02/2022 16:16,0.62,1.7,2.6,3.5
24/02/2022 16:28,0.6,1.7,2.6,3.5
24/02/2022 16:32,0.58,1.7,2.6,3.5
24/02/2022 16:35,0.56,1.7,2.6,3.5
24/02/2022 16:41,0.54,1.7,2.6,3.5
24/02/2022 16:45,0.52,1.7,2.6,3.5
24/02/2022 16:50,0.5,1.7,2.6,3.5
24/02/2022 16:59,0.48,1.7,2.6,3.5
24/02/2022 17:03,0.46,1.7,2.6,3.5
24/02/2022 17:12,0.44,1.7,2.6,3.5
24/02/2022 17:18,0.42,1.7,2.6,3.5
24/02/2022 17:22,0.4,1.7,2.6,3.5
24/02/2022 17:26,0.38,1.7,2.6,3.5
24/02/2022 17:33,0.36,1.7,2.6,3.5
24/02/2022 17:37,0.34,1.7,2.6,3.5
24/02/2022 17:43,0.32,1.7,2.6,3.5
24/02/2022 17:49,0.3,1.7,2.6,3.5
24/02/2022 17:51,0.28,1.7,2.6,3.5
24/02/2022 17:55,0.26,1.7,2.6,3.5
24/02/2022 18:00,0.24,1.7,2.6,3.5
24/02/2022 18:06,0.22,1.7,2.6,3.5
24/02/2022 18:10,0.2,1.7,2.6,3.5
24/02/2022 18:13,0.2,1.7,2.6,3.5
24/02/2022 18:14,0.18,1.7,2.6,3.5
24/02/2022 18:20,0.16,1.7,2.6,3.5
24/02/2022 18:23,0.14,1.7,2.6,3.5
24/02/2022 18:31,0.12,1.7,2.6,3.5
24/02/2022 18:35,0.1,1.7,2.6,3.5
24/02/2022 18:42,0.08,1.7,2.6,3.5
24/02/2022 18:44,0.06,1.7,2.6,3.5
24/02/2022 18:49,0.04,1.7,2.6,3.5
24/02/2022 18:54,0.02,1.7,2.6,3.5
24/02/2022 18:57,0.0,1.7,2.6,3.5
24/02/2022 19:00,-0.02,1.7,2.6,3.5
24/02/2022 19:03,-0.04,1.7,2.6,3.5
24/02/2022 19:06,-0.06,1.7,2.6,3.5
24/02/2022 19:12,-0.1,1.7,2.6,3.5
24/02/2022 19:15,-0.12,1.7,2.6,3.5
24/02/2022 19:18,-0.14,1.7,2.6,3.5
24/02/2022 19:21,-0.16,1.7,2.6,3.5
24/02/2022 19:28,-0.18,1.7,2.6,3.5
24/02/2022 19:35,-0.2,1.7,2.6,3.5
24/02/2022 19:40,-0.22,1.7,2.6,3.5
24/02/2022 19:46,-0.24,1.7,2.6,3.5
24/02/2022 19:51,-0.26,1.7,2.6,3.5
24/02/2022 19:57,-0.28,1.7,2.6,3.5
24/02/2022 20:01,-0.3,1.7,2.6,3.5
24/02/2022 20:04,-0.32,1.7,2.6,3.5
24/02/2022 20:10,-0.34,1.7,2.6,3.5
24/02/2022 20:16,-0.36,1.7,2.6,3.5
24/02/2022 20:20,-0.38,1.7,2.6,3.5
24/02/2022 20:27,-0.4,1.7,2.6,3.5
24/02/2022 20:32,-0.42,1.7,2.6,3.5
24/02/2022 20:38,-0.44,1.7,2.6,3.5
24/02/2022 20:45,-0.46,1.7,2.6,3.5
24/02/2022 21:03,-0.48,1.7,2.6,3.5
24/02/2022 21:05,-0.46,1.7,2.6,3.5
24/02/2022 21:07,-0.48,1.7,2.6,3.5
24/02/2022 21:18,-0.5,1.7,2.6,3.5
24/02/2022 21:23,-0.52,1.7,2.6,3.5
24/02/2022 21:46,-0.5,1.7,2.6,3.5
24/02/2022 21:57,-0.48,1.7,2.6,3.5
24/02/2022 22:02,-0.5,1.7,2.6,3.5
24/02/2022 22:03,-0.48,1.7,2.6,3.5
24/02/2022 22:11,-0.46,1.7,2.6,3.5
24/02/2022 22:29,-0.44,1.7,2.6,3.5
24/02/2022 22:44,-0.42,1.7,2.6,3.5
24/02/2022 22:47,-0.4,1.7,2.6,3.5
24/02/2022 22:54,-0.38,1.7,2.6,3.5
24/02/2022 23:02,-0.36,1.7,2.6,3.5
24/02/2022 23:06,-0.34,1.7,2.6,3.5
24/02/2022 23:08,-0.32,1.7,2.6,3.5
24/02/2022 23:13,-0.3,1.7,2.6,3.5
24/02/2022 23:21,-0.28,1.7,2.6,3.5
24/02/2022 23:27,-0.26,1.7,2.6,3.5
24/02/2022 23:31,-0.24,1.7,2.6,3.5
24/02/2022 23:37,-0.22,1.7,2.6,3.5
24/02/2022 23:49,-0.2,1.7,2.6,3.5
24/02/2022 23:54,-0.18,1.7,2.6,3.5
25/02/2022 00:00,-0.16,1.7,2.6,3.5
25/02/2022 00:06,-0.14,1.7,2.6,3.5
25/02/2022 00:11,-0.12,1.7,2.6,3.5
25/02/2022 00:15,-0.1,1.7,2.6,3.5
25/02/2022 00:22,-0.08,1.7,2.6,3.5
25/02/2022 00:27,-0.06,1.7,2.6,3.5
25/02/2022 00:31,-0.04,1.7,2.6,3.5
25/02/2022 00:33,-0.02,1.7,2.6,3.5
25/02/2022 00:38,0.0,1.7,2.6,3.5
25/02/2022 00:43,0.02,1.7,2.6,3.5
25/02/2022 00:46,0.04,1.7,2.6,3.5
25/02/2022 00:51,0.06,1.7,2.6,3.5
25/02/2022 00:55,0.08,1.7,2.6,3.5
25/02/2022 00:57,0.1,1.7,2.6,3.5
25/02/2022 01:01,0.12,1.7,2.6,3.5
25/02/2022 01:04,0.14,1.7,2.6,3.5
25/02/2022 01:08,0.16,1.7,2.6,3.5
25/02/2022 01:11,0.18,1.7,2.6,3.5
25/02/2022 01:15,0.2,1.7,2.6,3.5
25/02/2022 01:19,0.22,1.7,2.6,3.5
25/02/2022 01:22,0.24,1.7,2.6,3.5
25/02/2022 01:25,0.26,1.7,2.6,3.5
25/02/2022 01:29,0.28,1.7,2.6,3.5
25/02/2022 01:32,0.3,1.7,2.6,3.5
25/02/2022 01:36,0.32,1.7,2.6,3.5
25/02/2022 01:37,0.34,1.7,2.6,3.5
25/02/2022 01:40,0.36,1.7,2.6,3.5
25/02/2022 01:44,0.38,1.7,2.6,3.5
25/02/2022 01:47,0.4,1.7,2.6,3.5
25/02/2022 01:49,0.42,1.7,2.6,3.5
25/02/2022 01:52,0.44,1.7,2.6,3.5
25/02/2022 01:55,0.46,1.7,2.6,3.5
25/02/2022 01:59,0.48,1.7,2.6,3.5
25/02/2022 02:04,0.5,1.7,2.6,3.5
25/02/2022 02:06,0.52,1.7,2.6,3.5
25/02/2022 02:10,0.54,1.7,2.6,3.5
25/02/2022 02:13,0.56,1.7,2.6,3.5
25/02/2022 02:17,0.58,1.7,2.6,3.5
25/02/2022 02:23,0.6,1.7,2.6,3.5
25/02/2022 02:26,0.62,1.7,2.6,3.5
25/02/2022 02:30,0.64,1.7,2.6,3.5
25/02/2022 02:34,0.66,1.7,2.6,3.5
25/02/2022 02:39,0.68,1.7,2.6,3.5
25/02/2022 02:42,0.7,1.7,2.6,3.5
25/02/2022 02:46,0.72,1.7,2.6,3.5
25/02/2022 02:50,0.74,1.7,2.6,3.5
25/02/2022 02:52,0.76,1.7,2.6,3.5
25/02/2022 02:56,0.78,1.7,2.6,3.5
25/02/2022 03:01,0.8,1.7,2.6,3.5
25/02/2022 03:05,0.82,1.7,2.6,3.5
25/02/2022 03:12,0.84,1.7,2.6,3.5
25/02/2022 03:17,0.86,1.7,2.6,3.5
25/02/2022 03:19,0.88,1.7,2.6,3.5
25/02/2022 03:22,0.9,1.7,2.6,3.5
25/02/2022 03:27,0.92,1.7,2.6,3.5
25/02/2022 03:33,0.94,1.7,2.6,3.5
25/02/2022 03:40,0.96,1.7,2.6,3.5
25/02/2022 03:42,0.98,1.7,2.6,3.5
25/02/2022 03:48,1.0,1.7,2.6,3.5
25/02/2022 03:55,1.02,1.7,2.6,3.5
25/02/2022 04:03,1.04,1.7,2.6,3.5
25/02/2022 04:22,1.06,1.7,2.6,3.5
25/02/2022 04:30,1.08,1.7,2.6,3.5
25/02/2022 05:09,1.1,1.7,2.6,3.5
25/02/2022 05:40,1.08,1.7,2.6,3.5
25/02/2022 05:45,1.06,1.7,2.6,3.5
25/02/2022 05:49,1.04,1.7,2.6,3.5
25/02/2022 05:52,1.02,1.7,2.6,3.5
25/02/2022 05:56,1.0,1.7,2.6,3.5
25/02/2022 06:01,0.98,1.7,2.6,3.5
25/02/2022 06:11,0.96,1.7,2.6,3.5
25/02/2022 06:13,0.96,1.7,2.6,3.5
25/02/2022 06:18,0.94,1.7,2.6,3.5
25/02/2022 06:24,0.92,1.7,2.6,3.5
25/02/2022 06:32,0.9,1.7,2.6,3.5
25/02/2022 06:36,0.88,1.7,2.6,3.5
25/02/2022 06:39,0.86,1.7,2.6,3.5
25/02/2022 06:45,0.84,1.7,2.6,3.5
25/02/2022 06:49,0.82,1.7,2.6,3.5
25/02/2022 06:55,0.8,1.7,2.6,3.5
25/02/2022 07:01,0.78,1.7,2.6,3.5
25/02/2022 07:06,0.76,1.7,2.6,3.5
25/02/2022 07:11,0.74,1.7,2.6,3.5
25/02/2022 07:14,0.72,1.7,2.6,3.5
25/02/2022 07:18,0.7,1.7,2.6,3.5
25/02/2022 07:22,0.68,1.7,2.6,3.5
25/02/2022 07:27,0.66,1.7,2.6,3.5
25/02/2022 07:30,0.68,1.7,2.6,3.5
25/02/2022 07:35,0.6,1.7,2.6,3.5
25/02/2022 07:42,0.58,1.7,2.6,3.5
25/02/2022 07:47,0.56,1.7,2.6,3.5
25/02/2022 07:50,0.54,1.7,2.6,3.5
25/02/2022 07:54,0.52,1.7,2.6,3.5
25/02/2022 07:58,0.5,1.7,2.6,3.5
25/02/2022 08:01,0.48,1.7,2.6,3.5
25/02/2022 08:05,0.46,1.7,2.6,3.5
25/02/2022 08:08,0.44,1.7,2.6,3.5
25/02/2022 08:11,0.42,1.7,2.6,3.5
25/02/2022 08:15,0.4,1.7,2.6,3.5
25/02/2022 08:19,0.38,1.7,2.6,3.5
25/02/2022 08:23,0.36,1.7,2.6,3.5
25/02/2022 08:28,0.34,1.7,2.6,3.5
25/02/2022 08:32,0.32,1.7,2.6,3.5
25/02/2022 08:34,0.3,1.7,2.6,3.5
25/02/2022 08:39,0.28,1.7,2.6,3.5
25/02/2022 08:44,0.26,1.7,2.6,3.5
25/02/2022 08:53,0.24,1.7,2.6,3.5
25/02/2022 09:00,0.22,1.7,2.6,3.5
25/02/2022 09:03,0.2,1.7,2.6,3.5
25/02/2022 09:11,0.18,1.7,2.6,3.5
25/02/2022 09:13,0.16,1.7,2.6,3.5
25/02/2022 09:18,0.14,1.7,2.6,3.5
25/02/2022 09:20,0.12,1.7,2.6,3.5
25/02/2022 09:22,0.1,1.7,2.6,3.5
25/02/2022 09:26,0.08,1.7,2.6,3.5
25/02/2022 09:29,0.06,1.7,2.6,3.5
25/02/2022 09:35,0.04,1.7,2.6,3.5
25/02/2022 09:40,0.02,1.7,2.6,3.5
25/02/2022 09:44,0.0,1.7,2.6,3.5
25/02/2022 09:49,-0.02,1.7,2.6,3.5
25/02/2022 09:55,-0.04,1.7,2.6,3.5
25/02/2022 09:59,-0.06,1.7,2.6,3.5
25/02/2022 10:11,-0.1,1.7,2.6,3.5
25/02/2022 10:27,-0.1,1.7,2.6,3.5
25/02/2022 10:35,-0.14,1.7,2.6,3.5
25/02/2022 11:02,-0.16,1.7,2.6,3.5
25/02/2022 11:10,-0.14,1.7,2.6,3.5
25/02/2022 11:28,-0.16,1.7,2.6,3.5
25/02/2022 11:37,-0.18,1.7,2.6,3.5
25/02/2022 11:48,-0.2,1.7,2.6,3.5
25/02/2022 11:51,-0.16,1.7,2.6,3.5
25/02/2022 11:52,-0.2,1.7,2.6,3.5
25/02/2022 12:07,-0.18,1.7,2.6,3.5
25/02/2022 12:08,-0.2,1.7,2.6,3.5
25/02/2022 12:33,-0.18,1.7,2.6,3.5
25/02/2022 12:41,-0.16,1.7,2.6,3.5
25/02/2022 12:51,-0.14,1.7,2.6,3.5
25/02/2022 12:55,-0.12,1.7,2.6,3.5
25/02/2022 13:01,-0.1,1.7,2.6,3.5
25/02/2022 13:07,-0.08,1.7,2.6,3.5
25/02/2022 13:12,-0.06,1.7,2.6,3.5
25/02/2022 13:16,-0.04,1.7,2.6,3.5
25/02/2022 13:18,-0.02,1.7,2.6,3.5
25/02/2022 13:24,0.0,1.7,2.6,3.5
25/02/2022 13:29,0.02,1.7,2.6,3.5
25/02/2022 13:35,0.06,1.7,2.6,3.5
25/02/2022 13:36,0.04,1.7,2.6,3.5
25/02/2022 13:50,0.06,1.7,2.6,3.5
25/02/2022 13:57,0.08,1.7,2.6,3.5
25/02/2022 13:59,0.1,1.7,2.6,3.5
25/02/2022 14:02,0.12,1.7,2.6,3.5
25/02/2022 14:08,0.14,1.7,2.6,3.5
25/02/2022 14:13,0.16,1.7,2.6,3.5
25/02/2022 14:19,0.18,1.7,2.6,3.5
25/02/2022 14:22,0.2,1.7,2.6,3.5
25/02/2022 14:27,0.22,1.7,2.6,3.5
25/02/2022 14:31,0.24,1.7,2.6,3.5
25/02/2022 14:35,0.26,1.7,2.6,3.5
25/02/2022 14:37,0.28,1.7,2.6,3.5
25/02/2022 14:38,0.26,1.7,2.6,3.5
25/02/2022 14:39,0.28,1.7,2.6,3.5
25/02/2022 14:42,0.3,1.7,2.6,3.5
25/02/2022 14:49,0.32,1.7,2.6,3.5
25/02/2022 14:52,0.34,1.7,2.6,3.5
25/02/2022 14:57,0.36,1.7,2.6,3.5
25/02/2022 15:00,0.38,1.7,2.6,3.5
25/02/2022 15:02,0.4,1.7,2.6,3.5
25/02/2022 15:05,0.42,1.7,2.6,3.5
25/02/2022 15:11,0.44,1.7,2.6,3.5
25/02/2022 15:15,0.46,1.7,2.6,3.5
25/02/2022 15:20,0.44,1.7,2.6,3.5
25/02/2022 15:23,0.46,1.7,2.6,3.5
25/02/2022 15:28,0.48,1.7,2.6,3.5
25/02/2022 15:31,0.5,1.7,2.6,3.5
25/02/2022 15:37,0.52,1.7,2.6,3.5
25/02/2022 15:42,0.54,1.7,2.6,3.5
25/02/2022 15:49,0.56,1.7,2.6,3.5
25/02/2022 15:54,0.58,1.7,2.6,3.5
25/02/2022 16:03,0.6,1.7,2.6,3.5
25/02/2022 16:04,0.58,1.7,2.6,3.5
25/02/2022 16:07,0.6,1.7,2.6,3.5
25/02/2022 16:13,0.62,1.7,2.6,3.5
25/02/2022 16:15,0.64,1.7,2.6,3.5
25/02/2022 16:20,0.66,1.7,2.6,3.5
25/02/2022 16:21,0.68,1.7,2.6,3.5
25/02/2022 16:25,0.7,1.7,2.6,3.5
25/02/2022 16:42,0.72,1.7,2.6,3.5
25/02/2022 16:45,0.74,1.7,2.6,3.5
25/02/2022 16:57,0.72,1.7,2.6,3.5
25/02/2022 17:03,0.7,1.7,2.6,3.5
25/02/2022 17:13,0.68,1.7,2.6,3.5
25/02/2022 17:37,0.66,1.7,2.6,3.5
25/02/2022 17:46,0.68,1.7,2.6,3.5
25/02/2022 18:05,0.66,1.7,2.6,3.5
25/02/2022 18:13,0.66,1.7,2.6,3.5
25/02/2022 18:13,0.64,1.7,2.6,3.5
25/02/2022 18:18,0.62,1.7,2.6,3.5
25/02/2022 18:43,0.64,1.7,2.6,3.5
25/02/2022 18:48,0.62,1.7,2.6,3.5
25/02/2022 18:50,0.6,1.7,2.6,3.5
25/02/2022 18:54,0.58,1.7,2.6,3.5
25/02/2022 18:57,0.56,1.7,2.6,3.5
25/02/2022 19:01,0.54,1.7,2.6,3.5
25/02/2022 19:03,0.52,1.7,2.6,3.5
25/02/2022 19:10,0.5,1.7,2.6,3.5
25/02/2022 19:16,0.48,1.7,2.6,3.5
25/02/2022 19:24,0.46,1.7,2.6,3.5
25/02/2022 19:30,0.44,1.7,2.6,3.5
25/02/2022 19:34,0.42,1.7,2.6,3.5
25/02/2022 19:37,0.4,1.7,2.6,3.5
25/02/2022 19:40,0.38,1.7,2.6,3.5
25/02/2022 19:43,0.36,1.7,2.6,3.5
25/02/2022 19:45,0.34,1.7,2.6,3.5
25/02/2022 19:48,0.32,1.7,2.6,3.5
25/02/2022 19:50,0.3,1.7,2.6,3.5
25/02/2022 19:55,0.26,1.7,2.6,3.5
25/02/2022 19:59,0.24,1.7,2.6,3.5
25/02/2022 20:07,0.22,1.7,2.6,3.5
25/02/2022 20:26,0.2,1.7,2.6,3.5
25/02/2022 20:32,0.18,1.7,2.6,3.5
25/02/2022 20:36,0.16,1.7,2.6,3.5
25/02/2022 20:38,0.14,1.7,2.6,3.5
25/02/2022 20:41,0.12,1.7,2.6,3.5
25/02/2022 20:44,0.1,1.7,2.6,3.5
25/02/2022 20:50,0.08,1.7,2.6,3.5
25/02/2022 20:52,0.06,1.7,2.6,3.5
25/02/2022 20:58,0.04,1.7,2.6,3.5
25/02/2022 21:04,0.02,1.7,2.6,3.5
25/02/2022 21:12,0.0,1.7,2.6,3.5
25/02/2022 21:25,-0.02,1.7,2.6,3.5
25/02/2022 21:45,-0.04,1.7,2.6,3.5
25/02/2022 21:53,-0.02,1.7,2.6,3.5
25/02/2022 22:22,-0.02,1.7,2.6,3.5
25/02/2022 22:30,-0.06,1.7,2.6,3.5
25/02/2022 22:38,-0.1,1.7,2.6,3.5
25/02/2022 22:58,-0.08,1.7,2.6,3.5
25/02/2022 23:08,-0.1,1.7,2.6,3.5
25/02/2022 23:16,-0.08,1.7,2.6,3.5
25/02/2022 23:46,-0.06,1.7,2.6,3.5
25/02/2022 23:50,-0.04,1.7,2.6,3.5
25/02/2022 23:54,-0.02,1.7,2.6,3.5
26/02/2022 00:03,0.0,1.7,2.6,3.5
26/02/2022 00:07,0.02,1.7,2.6,3.5
26/02/2022 00:10,0.04,1.7,2.6,3.5
26/02/2022 00:13,0.06,1.7,2.6,3.5
26/02/2022 00:19,0.08,1.7,2.6,3.5
26/02/2022 00:24,0.1,1.7,2.6,3.5
26/02/2022 00:27,0.12,1.7,2.6,3.5
26/02/2022 00:33,0.14,1.7,2.6,3.5
26/02/2022 00:37,0.16,1.7,2.6,3.5
26/02/2022 00:40,0.18,1.7,2.6,3.5
26/02/2022 00:44,0.2,1.7,2.6,3.5
26/02/2022 00:50,0.22,1.7,2.6,3.5
26/02/2022 00:56,0.24,1.7,2.6,3.5
26/02/2022 01:03,0.26,1.7,2.6,3.5
26/02/2022 01:06,0.28,1.7,2.6,3.5
26/02/2022 01:12,0.3,1.7,2.6,3.5
26/02/2022 01:16,0.32,1.7,2.6,3.5
26/02/2022 01:18,0.34,1.7,2.6,3.5
26/02/2022 01:24,0.36,1.7,2.6,3.5
26/02/2022 01:28,0.38,1.7,2.6,3.5
26/02/2022 01:35,0.42,1.7,2.6,3.5
26/02/2022 01:38,0.44,1.7,2.6,3.5
26/02/2022 01:42,0.46,1.7,2.6,3.5
26/02/2022 01:45,0.48,1.7,2.6,3.5
26/02/2022 01:47,0.5,1.7,2.6,3.5
26/02/2022 01:51,0.52,1.7,2.6,3.5
26/02/2022 01:54,0.54,1.7,2.6,3.5
26/02/2022 01:57,0.56,1.7,2.6,3.5
26/02/2022 02:00,0.58,1.7,2.6,3.5
26/02/2022 02:02,0.58,1.7,2.6,3.5
26/02/2022 02:03,0.6,1.7,2.6,3.5
26/02/2022 02:05,0.6,1.7,2.6,3.5
26/02/2022 02:06,0.62,1.7,2.6,3.5
26/02/2022 02:11,0.66,1.7,2.6,3.5
26/02/2022 02:14,0.68,1.7,2.6,3.5
26/02/2022 02:18,0.7,1.7,2.6,3.5
26/02/2022 02:25,0.74,1.7,2.6,3.5
26/02/2022 02:28,0.76,1.7,2.6,3.5
26/02/2022 02:35,0.78,1.7,2.6,3.5
26/02/2022 02:39,0.84,1.7,2.6,3.5
26/02/2022 02:43,0.82,1.7,2.6,3.5
26/02/2022 02:47,0.84,1.7,2.6,3.5
26/02/2022 02:49,0.86,1.7,2.6,3.5
26/02/2022 02:53,0.88,1.7,2.6,3.5
26/02/2022 02:55,0.9,1.7,2.6,3.5
26/02/2022 02:57,0.92,1.7,2.6,3.5
26/02/2022 03:00,0.94,1.7,2.6,3.5
26/02/2022 03:02,0.96,1.7,2.6,3.5
26/02/2022 03:05,0.98,1.7,2.6,3.5
26/02/2022 03:07,1.0,1.7,2.6,3.5
26/02/2022 03:10,1.02,1.7,2.6,3.5
26/02/2022 03:13,1.04,1.7,2.6,3.5
26/02/2022 03:15,1.06,1.7,2.6,3.5
26/02/2022 03:20,1.08,1.7,2.6,3.5
26/02/2022 03:25,1.1,1.7,2.6,3.5
26/02/2022 03:29,1.12,1.7,2.6,3.5
26/02/2022 03:34,1.14,1.7,2.6,3.5
26/02/2022 03:38,1.16,1.7,2.6,3.5
26/02/2022 03:42,1.18,1.7,2.6,3.5
26/02/2022 03:46,1.2,1.7,2.6,3.5
26/02/2022 03:49,1.22,1.7,2.6,3.5
26/02/2022 03:51,1.24,1.7,2.6,3.5
26/02/2022 03:53,1.26,1.7,2.6,3.5
26/02/2022 03:57,1.28,1.7,2.6,3.5
26/02/2022 04:00,1.3,1.7,2.6,3.5
26/02/2022 04:03,1.32,1.7,2.6,3.5
26/02/2022 04:06,1.34,1.7,2.6,3.5
26/02/2022 04:10,1.36,1.7,2.6,3.5
26/02/2022 04:16,1.38,1.7,2.6,3.5
26/02/2022 04:22,1.4,1.7,2.6,3.5
26/02/2022 04:28,1.42,1.7,2.6,3.5
26/02/2022 04:36,1.44,1.7,2.6,3.5
26/02/2022 04:41,1.46,1.7,2.6,3.5
26/02/2022 04:44,1.48,1.7,2.6,3.5
26/02/2022 04:48,1.5,1.7,2.6,3.5
26/02/2022 04:52,1.52,1.7,2.6,3.5
26/02/2022 05:00,1.54,1.7,2.6,3.5
26/02/2022 05:09,1.56,1.7,2.6,3.5
26/02/2022 05:15,1.58,1.7,2.6,3.5
26/02/2022 05:20,1.72,1.7,2.6,3.5
26/02/2022 05:24,1.62,1.7,2.6,3.5
26/02/2022 05:36,1.64,1.7,2.6,3.5
26/02/2022 05:46,1.66,1.7,2.6,3.5
26/02/2022 05:51,1.68,1.7,2.6,3.5
26/02/2022 05:56,1.7,1.7,2.6,3.5
26/02/2022 06:01,1.72,1.7,2.6,3.5
26/02/2022 06:13,1.72,1.7,2.6,3.5
26/02/2022 06:18,1.74,1.7,2.6,3.5
26/02/2022 06:39,1.76,1.7,2.6,3.5
26/02/2022 07:00,1.74,1.7,2.6,3.5
26/02/2022 07:06,1.72,1.7,2.6,3.5
26/02/2022 07:09,1.74,1.7,2.6,3.5
26/02/2022 07:10,1.72,1.7,2.6,3.5
26/02/2022 07:13,1.7,1.7,2.6,3.5
26/02/2022 07:17,1.68,1.7,2.6,3.5
26/02/2022 07:24,1.66,1.7,2.6,3.5
26/02/2022 07:31,1.64,1.7,2.6,3.5
26/02/2022 07:45,1.62,1.7,2.6,3.5
26/02/2022 07:55,1.6,1.7,2.6,3.5
26/02/2022 08:08,1.58,1.7,2.6,3.5
26/02/2022 08:26,1.56,1.7,2.6,3.5
26/02/2022 08:29,1.54,1.7,2.6,3.5
26/02/2022 08:38,1.52,1.7,2.6,3.5
26/02/2022 08:41,1.5,1.7,2.6,3.5
26/02/2022 08:48,1.48,1.7,2.6,3.5
26/02/2022 08:55,1.46,1.7,2.6,3.5
26/02/2022 09:00,1.44,1.7,2.6,3.5
26/02/2022 09:06,1.42,1.7,2.6,3.5
26/02/2022 09:11,1.4,1.7,2.6,3.5
26/02/2022 09:14,1.38,1.7,2.6,3.5
26/02/2022 09:19,1.36,1.7,2.6,3.5
26/02/2022 09:22,1.34,1.7,2.6,3.5
26/02/2022 09:33,1.32,1.7,2.6,3.5
26/02/2022 09:49,1.3,1.7,2.6,3.5
26/02/2022 09:58,1.28,1.7,2.6,3.5
26/02/2022 10:09,1.26,1.7,2.6,3.5
26/02/2022 10:14,1.24,1.7,2.6,3.5
26/02/2022 10:24,1.22,1.7,2.6,3.5
26/02/2022 10:28,1.2,1.7,2.6,3.5
26/02/2022 10:36,1.18,1.7,2.6,3.5
26/02/2022 10:46,1.16,1.7,2.6,3.5
26/02/2022 10:52,1.14,1.7,2.6,3.5
26/02/2022 11:00,1.12,1.7,2.6,3.5
26/02/2022 11:11,1.1,1.7,2.6,3.5
26/02/2022 11:28,1.08,1.7,2.6,3.5
26/02/2022 11:50,1.06,1.7,2.6,3.5
26/02/2022 12:16,1.04,1.7,2.6,3.5
26/02/2022 12:28,1.02,1.7,2.6,3.5
26/02/2022 12:30,1.04,1.7,2.6,3.5
26/02/2022 12:31,1.02,1.7,2.6,3.5
26/02/2022 12:32,1.04,1.7,2.6,3.5
26/02/2022 12:34,1.02,1.7,2.6,3.5
26/02/2022 13:04,1.0,1.7,2.6,3.5
26/02/2022 13:06,1.02,1.7,2.6,3.5
26/02/2022 13:34,1.04,1.7,2.6,3.5
26/02/2022 13:45,1.06,1.7,2.6,3.5
26/02/2022 13:59,1.08,1.7,2.6,3.5
26/02/2022 14:10,1.1,1.7,2.6,3.5
26/02/2022 14:22,1.12,1.7,2.6,3.5
26/02/2022 14:23,1.14,1.7,2.6,3.5
26/02/2022 14:31,1.16,1.7,2.6,3.5
26/02/2022 14:35,1.18,1.7,2.6,3.5
26/02/2022 14:41,1.2,1.7,2.6,3.5
26/02/2022 14:46,1.22,1.7,2.6,3.5
26/02/2022 14:59,1.24,1.7,2.6,3.5
26/02/2022 15:11,1.26,1.7,2.6,3.5
26/02/2022 15:20,1.28,1.7,2.6,3.5
26/02/2022 15:25,1.3,1.7,2.6,3.5
26/02/2022 15:31,1.32,1.7,2.6,3.5
26/02/2022 15:35,1.34,1.7,2.6,3.5
26/02/2022 15:40,1.36,1.7,2.6,3.5
26/02/2022 15:43,1.38,1.7,2.6,3.5
26/02/2022 15:49,1.4,1.7,2.6,3.5
26/02/2022 15:58,1.42,1.7,2.6,3.5
26/02/2022 16:07,1.44,1.7,2.6,3.5
26/02/2022 16:15,1.46,1.7,2.6,3.5
26/02/2022 16:20,1.48,1.7,2.6,3.5
26/02/2022 16:24,1.5,1.7,2.6,3.5
26/02/2022 16:28,1.52,1.7,2.6,3.5
26/02/2022 16:33,1.54,1.7,2.6,3.5
26/02/2022 16:35,1.56,1.7,2.6,3.5
26/02/2022 16:41,1.58,1.7,2.6,3.5
26/02/2022 16:47,1.6,1.7,2.6,3.5
26/02/2022 16:53,1.62,1.7,2.6,3.5
26/02/2022 16:57,1.64,1.7,2.6,3.5
26/02/2022 17:05,1.66,1.7,2.6,3.5
26/02/2022 17:16,1.68,1.7,2.6,3.5
26/02/2022 17:28,1.7,1.7,2.6,3.5
26/02/2022 17:35,1.72,1.7,2.6,3.5
26/02/2022 17:39,1.74,1.7,2.6,3.5
26/02/2022 17:47,1.76,1.7,2.6,3.5
26/02/2022 17:53,1.78,1.7,2.6,3.5
26/02/2022 18:03,1.8,1.7,2.6,3.5
26/02/2022 18:09,1.82,1.7,2.6,3.5
26/02/2022 18:13,1.82,1.7,2.6,3.5
26/02/2022 18:17,1.84,1.7,2.6,3.5
26/02/2022 18:24,1.86,1.7,2.6,3.5
26/02/2022 18:31,1.88,1.7,2.6,3.5
26/02/2022 18:37,1.9,1.7,2.6,3.5
26/02/2022 18:52,1.92,1.7,2.6,3.5
26/02/2022 19:58,1.9,1.7,2.6,3.5
26/02/2022 20:30,1.92,1.7,2.6,3.5
26/02/2022 20:49,1.9,1.7,2.6,3.5
26/02/2022 20:56,1.88,1.7,2.6,3.5
26/02/2022 21:11,1.86,1.7,2.6,3.5
26/02/2022 21:46,1.84,1.7,2.6,3.5
26/02/2022 22:00,1.82,1.7,2.6,3.5
26/02/2022 22:10,1.8,1.7,2.6,3.5
26/02/2022 22:28,1.78,1.7,2.6,3.5
26/02/2022 22:50,1.76,1.7,2.6,3.5
27/02/2022 00:38,1.78,1.7,2.6,3.5
27/02/2022 01:00,1.8,1.7,2.6,3.5
27/02/2022 01:00,1.82,1.7,2.6,3.5
27/02/2022 01:13,1.82,1.7,2.6,3.5
27/02/2022 01:27,1.84,1.7,2.6,3.5
27/02/2022 01:34,1.86,1.7,2.6,3.5
27/02/2022 01:40,1.88,1.7,2.6,3.5
27/02/2022 01:40,1.9,1.7,2.6,3.5
27/02/2022 01:51,1.9,1.7,2.6,3.5
27/02/2022 01:58,1.92,1.7,2.6,3.5
27/02/2022 01:59,1.9,1.7,2.6,3.5
27/02/2022 02:02,1.92,1.7,2.6,3.5
27/02/2022 02:10,1.94,1.7,2.6,3.5
27/02/2022 02:14,1.96,1.7,2.6,3.5
27/02/2022 02:18,1.98,1.7,2.6,3.5
27/02/2022 02:27,2.0,1.7,2.6,3.5
27/02/2022 02:31,2.02,1.7,2.6,3.5
27/02/2022 02:36,2.04,1.7,2.6,3.5
27/02/2022 02:38,2.06,1.7,2.6,3.5
27/02/2022 02:47,2.08,1.7,2.6,3.5
27/02/2022 02:50,2.1,1.7,2.6,3.5
27/02/2022 02:58,2.12,1.7,2.6,3.5
27/02/2022 03:04,2.14,1.7,2.6,3.5
27/02/2022 03:09,2.16,1.7,2.6,3.5
27/02/2022 03:19,2.18,1.7,2.6,3.5
27/02/2022 03:25,2.2,1.7,2.6,3.5
27/02/2022 03:30,2.22,1.7,2.6,3.5
27/02/2022 03:39,2.24,1.7,2.6,3.5
27/02/2022 03:42,2.26,1.7,2.6,3.5
27/02/2022 03:45,2.28,1.7,2.6,3.5
27/02/2022 03:50,2.3,1.7,2.6,3.5
27/02/2022 03:53,2.32,1.7,2.6,3.5
27/02/2022 03:59,2.34,1.7,2.6,3.5
27/02/2022 04:02,2.36,1.7,2.6,3.5
27/02/2022 04:06,2.38,1.7,2.6,3.5
27/02/2022 04:09,2.4,1.7,2.6,3.5
27/02/2022 04:16,2.42,1.7,2.6,3.5
27/02/2022 04:18,2.44,1.7,2.6,3.5
27/02/2022 04:24,2.46,1.7,2.6,3.5
27/02/2022 04:28,2.48,1.7,2.6,3.5
27/02/2022 04:31,2.5,1.7,2.6,3.5
27/02/2022 04:34,2.52,1.7,2.6,3.5
27/02/2022 04:38,2.54,1.7,2.6,3.5
27/02/2022 04:41,2.56,1.7,2.6,3.5
27/02/2022 04:43,2.58,1.7,2.6,3.5
27/02/2022 04:53,2.62,1.7,2.6,3.5
27/02/2022 04:58,2.64,1.7,2.6,3.5
27/02/2022 05:12,2.68,1.7,2.6,3.5
27/02/2022 05:17,2.7,1.7,2.6,3.5
27/02/2022 05:22,2.72,1.7,2.6,3.5
27/02/2022 05:33,2.76,1.7,2.6,3.5
27/02/2022 05:48,2.8,1.7,2.6,3.5
27/02/2022 05:54,2.82,1.7,2.6,3.5
27/02/2022 06:00,2.84,1.7,2.6,3.5
27/02/2022 06:05,2.86,1.7,2.6,3.5
27/02/2022 06:09,2.88,1.7,2.6,3.5
27/02/2022 06:13,2.88,1.7,2.6,3.5
27/02/2022 06:14,2.9,1.7,2.6,3.5
27/02/2022 06:19,2.94,1.7,2.6,3.5
27/02/2022 06:26,2.96,1.7,2.6,3.5
27/02/2022 06:33,2.98,1.7,2.6,3.5
27/02/2022 06:39,3.0,1.7,2.6,3.5
27/02/2022 06:54,3.04,1.7,2.6,3.5
27/02/2022 07:38,3.08,1.7,2.6,3.5
27/02/2022 08:11,3.1,1.7,2.6,3.5
27/02/2022 08:12,3.08,1.7,2.6,3.5
27/02/2022 08:32,3.06,1.7,2.6,3.5
27/02/2022 09:08,3.04,1.7,2.6,3.5
27/02/2022 09:33,3.02,1.7,2.6,3.5
27/02/2022 09:50,3.0,1.7,2.6,3.5
27/02/2022 10:03,2.98,1.7,2.6,3.5
27/02/2022 10:14,2.96,1.7,2.6,3.5
27/02/2022 10:24,2.94,1.7,2.6,3.5
27/02/2022 10:30,2.92,1.7,2.6,3.5
27/02/2022 10:36,2.9,1.7,2.6,3.5
27/02/2022 10:48,2.88,1.7,2.6,3.5
27/02/2022 10:51,2.86,1.7,2.6,3.5
27/02/2022 10:56,2.88,1.7,2.6,3.5
27/02/2022 11:01,2.86,1.7,2.6,3.5
27/02/2022 11:11,2.84,1.7,2.6,3.5
27/02/2022 11:21,2.82,1.7,2.6,3.5
27/02/2022 11:29,2.8,1.7,2.6,3.5
27/02/2022 11:43,2.78,1.7,2.6,3.5
27/02/2022 12:06,2.76,1.7,2.6,3.5
27/02/2022 12:14,2.74,1.7,2.6,3.5
27/02/2022 12:24,2.72,1.7,2.6,3.5
27/02/2022 12:26,2.74,1.7,2.6,3.5
27/02/2022 12:31,2.72,1.7,2.6,3.5
27/02/2022 12:57,2.7,1.7,2.6,3.5
27/02/2022 12:59,2.72,1.7,2.6,3.5
27/02/2022 13:13,2.74,1.7,2.6,3.5
27/02/2022 13:22,2.76,1.7,2.6,3.5
27/02/2022 13:56,2.74,1.7,2.6,3.5
27/02/2022 14:00,2.76,1.7,2.6,3.5
27/02/2022 14:09,2.74,1.7,2.6,3.5
27/02/2022 14:12,2.76,1.7,2.6,3.5
27/02/2022 14:59,2.78,1.7,2.6,3.5
27/02/2022 15:16,2.8,1.7,2.6,3.5
27/02/2022 15:33,2.82,1.7,2.6,3.5
27/02/2022 15:44,2.84,1.7,2.6,3.5
27/02/2022 15:52,2.86,1.7,2.6,3.5
27/02/2022 16:01,2.88,1.7,2.6,3.5
27/02/2022 16:07,2.9,1.7,2.6,3.5
27/02/2022 16:10,2.92,1.7,2.6,3.5
27/02/2022 16:20,2.94,1.7,2.6,3.5
27/02/2022 16:22,2.96,1.7,2.6,3.5
27/02/2022 16:27,2.98,1.7,2.6,3.5
27/02/2022 16:33,3.0,1.7,2.6,3.5
27/02/2022 16:37,3.02,1.7,2.6,3.5
27/02/2022 16:44,3.04,1.7,2.6,3.5
27/02/2022 17:02,3.06,1.7,2.6,3.5
27/02/2022 17:08,3.08,1.7,2.6,3.5
27/02/2022 17:14,3.1,1.7,2.6,3.5
27/02/2022 17:18,3.08,1.7,2.6,3.5
27/02/2022 17:20,3.1,1.7,2.6,3.5
27/02/2022 17:23,3.12,1.7,2.6,3.5
27/02/2022 17:25,3.14,1.7,2.6,3.5
27/02/2022 17:32,3.16,1.7,2.6,3.5
27/02/2022 17:46,3.18,1.7,2.6,3.5
27/02/2022 17:53,3.2,1.7,2.6,3.5
27/02/2022 17:56,3.22,1.7,2.6,3.5
27/02/2022 18:00,3.24,1.7,2.6,3.5
27/02/2022 18:06,3.26,1.7,2.6,3.5
27/02/2022 18:11,3.28,1.7,2.6,3.5
27/02/2022 18:13,3.28,1.7,2.6,3.5
27/02/2022 18:14,3.3,1.7,2.6,3.5
27/02/2022 18:30,3.32,1.7,2.6,3.5
27/02/2022 18:40,3.34,1.7,2.6,3.5
27/02/2022 18:43,3.36,1.7,2.6,3.5
27/02/2022 18:44,3.34,1.7,2.6,3.5
27/02/2022 18:47,3.36,1.7,2.6,3.5
27/02/2022 19:05,3.38,1.7,2.6,3.5
27/02/2022 19:10,3.4,1.7,2.6,3.5
27/02/2022 19:19,3.42,1.7,2.6,3.5
27/02/2022 19:27,3.44,1.7,2.6,3.5
27/02/2022 19:40,3.46,1.7,2.6,3.5
27/02/2022 20:05,3.48,1.7,2.6,3.5
27/02/2022 20:13,3.5,1.7,2.6,3.5
27/02/2022 20:31,3.48,1.7,2.6,3.5
27/02/2022 20:34,3.5,1.7,2.6,3.5
27/02/2022 21:03,3.52,1.7,2.6,3.5
27/02/2022 21:04,3.5,1.7,2.6,3.5
27/02/2022 21:11,3.5,1.7,2.6,3.5
27/02/2022 21:14,3.5,1.7,2.6,3.5
27/02/2022 21:18,3.48,1.7,2.6,3.5
27/02/2022 21:24,3.5,1.7,2.6,3.5
27/02/2022 21:37,3.5,1.7,2.6,3.5
27/02/2022 21:42,3.48,1.7,2.6,3.5
27/02/2022 21:59,3.46,1.7,2.6,3.5
27/02/2022 22:03,3.48,1.7,2.6,3.5
27/02/2022 22:08,3.46,1.7,2.6,3.5
27/02/2022 22:18,3.44,1.7,2.6,3.5
27/02/2022 22:19,3.42,1.7,2.6,3.5
27/02/2022 22:22,3.44,1.7,2.6,3.5
27/02/2022 22:39,3.42,1.7,2.6,3.5
27/02/2022 23:02,3.38,1.7,2.6,3.5
27/02/2022 23:18,3.36,1.7,2.6,3.5
27/02/2022 23:25,3.34,1.7,2.6,3.5
27/02/2022 23:39,3.32,1.7,2.6,3.5
27/02/2022 23:43,3.34,1.7,2.6,3.5
27/02/2022 23:44,3.32,1.7,2.6,3.5
28/02/2022 00:01,3.32,1.7,2.6,3.5
28/02/2022 00:03,3.3,1.7,2.6,3.5
28/02/2022 00:05,3.28,1.7,2.6,3.5
28/02/2022 00:10,3.3,1.7,2.6,3.5
28/02/2022 00:17,3.28,1.7,2.6,3.5
28/02/2022 00:38,3.26,1.7,2.6,3.5
28/02/2022 00:39,3.28,1.7,2.6,3.5
28/02/2022 00:43,3.26,1.7,2.6,3.5
28/02/2022 00:45,3.24,1.7,2.6,3.5
28/02/2022 00:51,3.26,1.7,2.6,3.5
28/02/2022 00:56,3.24,1.7,2.6,3.5
28/02/2022 01:00,3.26,1.7,2.6,3.5
28/02/2022 01:01,3.24,1.7,2.6,3.5
28/02/2022 01:12,3.22,1.7,2.6,3.5
28/02/2022 01:14,3.24,1.7,2.6,3.5
28/02/2022 01:16,3.22,1.7,2.6,3.5
28/02/2022 01:18,3.24,1.7,2.6,3.5
28/02/2022 01:23,3.22,1.7,2.6,3.5
28/02/2022 01:26,3.24,1.7,2.6,3.5
28/02/2022 01:31,3.22,1.7,2.6,3.5
28/02/2022 01:32,3.24,1.7,2.6,3.5
28/02/2022 01:33,3.22,1.7,2.6,3.5
28/02/2022 01:43,3.24,1.7,2.6,3.5
28/02/2022 01:44,3.22,1.7,2.6,3.5
28/02/2022 02:11,3.2,1.7,2.6,3.5
28/02/2022 02:14,3.22,1.7,2.6,3.5
28/02/2022 02:51,3.24,1.7,2.6,3.5
28/02/2022 02:51,3.26,1.7,2.6,3.5
28/02/2022 02:52,3.22,1.7,2.6,3.5
28/02/2022 02:57,3.24,1.7,2.6,3.5
28/02/2022 03:11,3.26,1.7,2.6,3.5
28/02/2022 03:13,3.24,1.7,2.6,3.5
28/02/2022 03:20,3.26,1.7,2.6,3.5
28/02/2022 03:49,3.28,1.7,2.6,3.5
28/02/2022 03:56,3.3,1.7,2.6,3.5
28/02/2022 04:20,3.32,1.7,2.6,3.5
28/02/2022 04:20,3.34,1.7,2.6,3.5
28/02/2022 04:34,3.34,1.7,2.6,3.5
28/02/2022 04:41,3.36,1.7,2.6,3.5
28/02/2022 04:54,3.38,1.7,2.6,3.5
28/02/2022 04:58,3.4,1.7,2.6,3.5
28/02/2022 04:59,3.38,1.7,2.6,3.5
28/02/2022 05:02,3.4,1.7,2.6,3.5
28/02/2022 05:07,3.42,1.7,2.6,3.5
28/02/2022 05:14,3.44,1.7,2.6,3.5
28/02/2022 05:18,3.46,1.7,2.6,3.5
28/02/2022 05:27,3.48,1.7,2.6,3.5
28/02/2022 05:30,3.46,1.7,2.6,3.5
28/02/2022 05:31,3.48,1.7,2.6,3.5
28/02/2022 05:38,3.5,1.7,2.6,3.5
28/02/2022 05:45,3.52,1.7,2.6,3.5
28/02/2022 05:47,3.54,1.7,2.6,3.5
28/02/2022 05:56,3.56,1.7,2.6,3.5
28/02/2022 06:04,3.58,1.7,2.6,3.5
28/02/2022 06:07,3.6,1.7,2.6,3.5
28/02/2022 06:07,3.68,1.7,2.6,3.5
28/02/2022 06:13,3.6,1.7,2.6,3.5
28/02/2022 06:16,3.62,1.7,2.6,3.5
28/02/2022 06:23,3.64,1.7,2.6,3.5
28/02/2022 06:28,3.66,1.7,2.6,3.5
28/02/2022 06:33,3.68,1.7,2.6,3.5
28/02/2022 06:40,3.7,1.7,2.6,3.5
28/02/2022 06:46,3.72,1.7,2.6,3.5
28/02/2022 06:54,3.74,1.7,2.6,3.5
28/02/2022 07:01,3.76,1.7,2.6,3.5
28/02/2022 07:09,3.78,1.7,2.6,3.5
28/02/2022 07:12,3.76,1.7,2.6,3.5
28/02/2022 07:13,3.78,1.7,2.6,3.5
28/02/2022 07:15,3.8,1.7,2.6,3.5
28/02/2022 07:27,3.82,1.7,2.6,3.5
28/02/2022 07:30,3.84,1.7,2.6,3.5
28/02/2022 07:39,3.86,1.7,2.6,3.5
28/02/2022 07:42,3.84,1.7,2.6,3.5
28/02/2022 07:44,3.86,1.7,2.6,3.5
28/02/2022 07:50,3.88,1.7,2.6,3.5
28/02/2022 08:06,3.9,1.7,2.6,3.5
28/02/2022 08:12,3.92,1.7,2.6,3.5
28/02/2022 08:22,3.94,1.7,2.6,3.5
28/02/2022 08:23,3.92,1.7,2.6,3.5
28/02/2022 08:29,3.94,1.7,2.6,3.5
28/02/2022 09:13,3.96,1.7,2.6,3.5
28/02/2022 09:18,3.94,1.7,2.6,3.5
28/02/2022 09:43,3.94,1.7,2.6,3.5
28/02/2022 09:44,3.92,1.7,2.6,3.5
28/02/2022 09:59,3.9,1.7,2.6,3.5
28/02/2022 10:10,3.88,1.7,2.6,3.5
28/02/2022 10:16,3.86,1.7,2.6,3.5
28/02/2022 10:17,3.88,1.7,2.6,3.5
28/02/2022 10:21,3.86,1.7,2.6,3.5
28/02/2022 10:27,3.84,1.7,2.6,3.5
28/02/2022 10:36,3.82,1.7,2.6,3.5
28/02/2022 10:49,3.8,1.7,2.6,3.5
28/02/2022 10:54,3.78,1.7,2.6,3.5
28/02/2022 11:01,3.74,1.7,2.6,3.5
28/02/2022 11:02,3.76,1.7,2.6,3.5
28/02/2022 11:07,3.74,1.7,2.6,3.5
28/02/2022 11:11,3.72,1.7,2.6,3.5
